x1,x2,x3,x4,x5,y
0.104235095,1297299.824,52.59350634,6.35781268,3.45E-07,18523.39893
0.689579414,9048923.73,35.26729585,0.50062842,9.90E-07,4662.381202
0.97395121,2729546.108,83.76666336,9.149563548,7.84E-07,359472.7635
0.325984815,5129532.381,4.142490376,2.665605796,5.51E-07,12391.40968
0.388138284,4883010.739,48.50495833,3.797147264,3.75E-07,12016.1182
0.787024001,7282349.174,62.79463013,8.095850722,5.88E-07,44091.1796
0.502548021,941783.8099,17.5693607,1.632502447,8.08E-07,11138.64525
0.166040229,8691539.298,93.77857782,5.304356195,1.56E-07,6986.648208
0.198236533,3650976.801,20.37647037,8.269968765,9.03E-07,63003.02789
0.59608086,6089984.12,90.92169355,4.910264409,2.73E-07,11399.97288
0.817449228,2250712.325,39.4461886,6.066729161,4.92E-07,29864.4658
0.48198284,9963240.09,71.89975318,2.080251312,6.84E-07,12015.73962
0.294151322,30191.96638,80.7159877,0.636256474,6.67E-07,3600.139574
0.880537046,7740926.408,7.146429753,7.432439836,4.56E-07,28475.85052
0.659034439,3919755.217,61.89546059,3.466621185,2.50E-07,7534.280209
0.010026654,6358189.793,26.01473622,9.635954836,8.73E-07,70983.26707
0.03910798,4226117.346,88.98417874,1.278434288,5.24E-07,5647.216941
0.625573841,6669396.103,24.67057952,5.579539942,7.60E-07,35850.22784
0.913955713,343934.8338,69.96938861,4.073093336,9.66E-07,153430.2287
0.265111928,8059513.456,43.73524705,7.742542804,3.17E-07,20736.17047
0.452893877,1949320.428,9.870434896,8.874380658,1.81E-07,13570.77122
0.850947981,9666768.661,77.22056983,3.019674811,8.36E-07,45695.38977
0.562669815,3322522.296,28.74589012,6.711119668,6.17E-07,34979.60914
0.227237788,5766450.082,58.39499052,0.224681418,4.01E-07,759.9220164
0.133094585,642850.0794,31.74907923,3.190598895,7.09E-07,19093.50431
0.532060438,8397526.035,55.34354076,9.989186537,5.21E-07,43915.49556
0.757469652,4552094.008,0.618649376,0.990248416,3.02E-07,2512.125055
0.42112586,6956352.91,86.52327434,7.157179872,9.29E-07,56079.59259
0.35889232,3033445.899,67.11172875,5.713498391,8.46E-07,40761.38374
0.944446416,5438276.353,46.54160497,2.356274532,2.25E-07,34221.72816
0.719171917,1613500.746,98.09005354,8.545227873,4.31E-07,33110.44807
0.071239882,9369968.833,15.61258539,4.556271611,6.39E-07,24583.66784
0.086542728,2570165.212,38.87396561,0.116851909,1.71E-07,170.1185911
0.734387066,5286244.43,74.77908201,6.742269455,7.93E-07,47407.73067
0.960393037,1453056.468,20.05448902,2.903125509,5.87E-07,55430.87996
0.37492663,8895835.821,93.64843601,8.911525459,3.77E-07,28320.69926
0.436852182,1096358.669,59.7851676,7.545500534,5.73E-07,36463.31095
0.773237888,8539785.859,27.30716629,4.346805799,7.63E-07,29439.67877
0.547583583,4722295.483,78.85593635,5.376597931,9.82E-07,44622.65433
0.148575809,7440243.121,8.286273459,1.560809382,3.54E-07,4657.504461
0.243029452,2403762.631,81.66247383,4.52649255,8.88E-07,33913.8856
0.578373782,9807520.937,5.428816993,8.65443049,2.35E-07,17135.68456
0.866406857,3494227.149,50.72735154,2.317756622,4.54E-07,23634.83154
0.468440443,6249402.508,36.41324301,5.828676966,6.69E-07,32906.29435
0.280350505,3761898.873,17.00324116,6.8820943,7.06E-07,40972.46054
0.929236203,6518867.557,96.65180319,1.185919959,4.71E-07,99316.75999
0.641585804,181983.008,48.17687352,9.70818217,2.65E-07,22021.27244
0.055078022,7586314.057,65.52747604,3.394914015,9.11E-07,26102.44768
0.025550347,503087.4118,2.704528731,5.028091632,4.06E-07,17209.70723
0.674516189,7902574.28,85.15760263,1.831801474,6.12E-07,10101.26444
0.896263886,4070587.717,33.68237222,7.816034874,8.18E-07,77094.49839
0.309920113,6822712.219,54.22811068,3.997844427,2.00E-07,6731.382232
0.497929979,3168328.329,98.58903489,2.632132561,3.29E-07,7331.858005
0.833484094,5918583.22,12.70884293,9.260030902,9.54E-07,75499.63664
0.611384254,2109656.095,67.45812373,0.465814212,7.35E-07,3161.380346
0.213452208,9508493.934,43.88810415,6.471736046,5.48E-07,29943.98551
0.182051666,4398816.575,70.46226651,9.437724048,6.45E-07,51322.46476
0.518517516,7111843.745,40.83760805,3.743951605,4.26E-07,13474.56342
0.802262023,799827.9387,89.33667717,7.230676817,2.07E-07,17952.92269
0.403418257,8238334.662,22.01097525,0.915004085,8.64E-07,6669.80979
0.341443136,1771736.789,30.82566602,1.968718102,9.40E-07,15617.4187
0.989497258,9209671.961,57.03542226,6.099134158,2.90E-07,116567.6589
0.705370553,2881274.078,11.80983134,4.79740928,4.96E-07,20186.99534
0.119938514,5592509.115,76.0990363,8.305848829,7.34E-07,51446.45735
0.116991447,4792926.173,6.613300314,3.625759398,7.99E-07,24433.80237
0.718082828,7352809.159,79.69759991,9.478027471,1.65E-07,13733.71829
0.992322782,1183182.358,25.09699527,0.799061769,3.84E-07,71348.78946
0.328853478,8469765.479,61.26149358,7.268423693,5.79E-07,35527.75039
0.390640715,1539270.445,91.5619419,6.214892033,7.69E-07,40306.03287
0.805273523,8826425.117,21.31272527,1.930860323,5.67E-07,11091.44591
0.531173514,2638965.607,72.9366322,8.424237683,3.61E-07,25709.14023
0.179162783,5200640.726,39.9856221,4.757223607,9.75E-07,39120.28556
0.210504612,271533.2998,63.43918338,1.791650039,2.41E-07,3638.920688
0.624095985,7519019.088,49.4332844,5.146438506,8.82E-07,38471.75949
0.836309088,3829804.152,94.80774258,3.959942883,6.77E-07,44159.33401
0.485339777,6428706.993,18.11326599,7.931825201,4.47E-07,29897.1492
0.297142042,3560300.941,34.7414992,9.297735798,4.77E-07,37384.27597
0.899274842,6161073.393,51.57026529,2.516224483,7.00E-07,53680.60797
0.687171659,2492702.017,3.220063054,6.512071922,9.19E-07,50422.25644
0.022660919,9740836.835,83.14024371,0.34757824,2.57E-07,754.4941216
0.052230564,2176644.151,45.90315536,8.694619606,6.08E-07,44605.41801
0.654199304,9419858.501,66.17729903,4.408109781,4.10E-07,15463.43793
0.932205205,3256353.49,14.57731736,5.86653815,1.90E-07,13542.28919
0.267614389,5852205.474,97.55225152,2.202004869,8.27E-07,15364.27757
0.45576251,4160444.327,55.87544068,1.148176526,9.50E-07,9211.23711
0.869319582,6754502.987,32.76621702,6.9980427,3.33E-07,25487.70212
0.591173259,570686.3348,87.43959802,3.354613997,5.39E-07,15593.29917
0.239994111,7813327.942,1.251172664,9.826380498,7.44E-07,61701.71506
0.14572888,2967181.735,77.74759562,6.860502022,4.22E-07,24420.37513
0.560197627,5524012.673,10.89492633,0.076509912,6.48E-07,429.8414057
0.776207418,1840843.54,59.31883474,9.027430093,8.55E-07,70347.53258
0.42411661,9123154.031,29.37375386,2.865414527,2.16E-07,5228.491544
0.362249226,869544.3657,24.02422791,4.231012067,2.86E-07,10210.52456
0.963306306,8151207.019,88.0540271,7.583395956,9.44E-07,362147.9383
0.747187071,4486554.489,42.70447168,1.442459065,7.25E-07,10583.78723
0.083507931,7041517.009,69.42385148,5.416743281,5.05E-07,23077.72509
0.06829324,1030132.574,96.01167256,9.870987465,1.00E-06,83250.23751
0.731884602,8625483.962,16.06705927,3.230897871,3.36E-07,9363.384262
0.947270457,4949676.347,64.49052699,7.041232514,5.55E-07,129202.1689
0.346301164,7193390.101,47.63731933,1.027992594,7.80E-07,6767.738871
0.408348743,2796821.429,5.96206415,2.47202554,5.98E-07,12463.061
0.760481562,5039963.632,82.68093463,5.675636165,3.66E-07,19990.0985
0.544714954,1387478.881,37.33091393,4.674655422,1.60E-07,6343.274195
0.130204204,8981038.137,51.36119785,8.505039502,8.04E-07,57668.87767
0.224291675,3989184.379,27.83289291,5.53939355,2.82E-07,13188.86165
0.575383044,6271995.466,60.80828795,1.39678386,8.94E-07,10621.92207
0.853772551,115775.9844,9.2088185,7.704648126,6.88E-07,45590.22262
0.440303265,7672107.518,79.48242902,4.18888811,4.88E-07,17260.0326
0.25233534,2338127.829,74.13445872,3.05738475,4.65E-07,11993.55377
0.916968166,9892589.752,37.94551884,8.758475279,6.58E-07,78536.43099
0.638228886,3721016.867,92.61938897,0.265024159,8.77E-07,2527.078477
0.036218143,6003178.925,19.51065674,6.592888143,2.46E-07,13662.4142
0.007178771,3409631.444,56.50359238,4.95044904,7.52E-07,31429.73895
0.67164753,5696713.969,29.80864894,8.151579167,5.31E-07,36667.53321
0.88350753,2019666.813,75.1825949,2.118109834,3.11E-07,29083.11323
0.281416703,9579049.203,11.17723504,5.950972328,9.71E-07,48773.73436
0.469304482,412449.77,41.47612769,7.394691918,8.29E-07,51726.46718
0.820361543,7973625.485,71.39681692,0.752198046,1.89E-07,4976.158424
0.608881819,4312615.627,23.04612556,9.595652157,3.95E-07,31987.36208
0.19520269,6600270.895,89.87440618,3.584814433,6.23E-07,18844.13302
0.163191817,1681690.292,13.35507683,0.618863647,5.13E-07,2679.724116
0.515160568,9280093.729,99.51911351,6.317475763,7.17E-07,38225.15651
0.789993956,3122710.695,44.91894956,2.781514915,9.23E-07,27085.26331
0.375403121,5370697.079,68.00378157,9.111859396,3.08E-07,23644.3538
0.313305928,4640749.127,84.63045911,7.980059651,2.18E-07,14673.53114
0.976862982,6889383.349,1.679964283,3.835047766,8.53E-07,17896.12464
0.702379844,709209.3684,53.3043365,5.186010363,6.34E-07,29070.6208
0.101200707,8309481.224,33.05462918,1.672654626,4.37E-07,6165.700949
0.094335399,3458666.793,86.77418857,6.024456909,5.75E-07,29236.2469
0.695331402,6174746.011,1.098439803,2.04531605,3.88E-07,6693.894072
0.983850851,2361260.034,55.84507437,8.224494404,1.70E-07,63031.78033
0.320232764,9804039.386,32.076667,4.877004968,7.95E-07,32695.06803
0.382148518,207866.9215,14.32694785,3.511313199,9.77E-07,28951.36479
0.79667832,7651294.112,96.98446531,9.668472122,3.59E-07,34297.65055
0.508537731,3814101.752,45.5065883,0.679270881,5.64E-07,3251.657335
0.156385846,6532049.389,65.85393934,7.468157445,7.71E-07,48582.5143
0.188337016,1437133.134,42.45361789,9.185358268,4.43E-07,34298.07416
0.601833027,8840891.44,68.8556078,2.708697313,6.81E-07,15680.32967
0.827348809,2507936.195,23.6281332,6.39040529,8.86E-07,52424.02662
0.476230729,5263111.554,87.73116063,0.545395758,2.37E-07,1098.736974
0.288161973,4728537.608,58.65295293,1.599167683,2.60E-07,3504.558879
0.890191782,7485506.291,29.22052778,5.25880651,9.16E-07,60351.64782
0.665023851,1168283.199,77.7177136,3.762134892,6.97E-07,23103.19203
0.000371974,8572614.249,10.20583377,8.053501359,4.79E-07,32550.64004
0.033378653,844778.0672,73.163069,0.954531924,8.23E-07,6626.688973
0.635450399,8244264.936,40.48062748,7.114164498,1.94E-07,11726.24082
0.919685096,4431942.511,92.03128085,3.158082577,4.14E-07,77942.05626
0.255235433,7184067.013,21.66000277,9.944493407,6.04E-07,50668.92543
0.44326219,2826628.435,25.68963283,8.578488281,7.47E-07,54048.89492
0.856914639,5576883.327,61.39030864,4.601744855,5.37E-07,36454.21947
0.572301559,1748292.063,6.667599323,5.748434768,3.31E-07,16036.5279
0.221271194,9147129.902,80.45993076,2.398545816,9.52E-07,19273.16693
0.127365556,4135251.451,3.812234214,4.115441731,2.12E-07,7363.819445
0.541937294,6848278.621,83.26855959,7.777556292,8.59E-07,56402.70433
0.763198618,516562.9165,34.79627653,1.323982857,6.53E-07,10300.16967
0.411248947,7955069.639,52.33305956,5.612875674,4.18E-07,19784.68267
0.349260692,2035292.079,95.03370107,6.666351213,5.07E-07,28543.99051
0.950413133,9473227.251,18.60780795,0.192089775,7.22E-07,41947.69044
0.728803482,3164529.266,63.90898873,8.831288173,9.42E-07,72356.7454
0.065273109,5875764.304,49.78106108,2.983881208,2.88E-07,7262.94069
0.08079254,2205502.197,23.05285905,2.274817763,7.76E-07,14895.08566
0.74428854,9957126.103,90.5891268,5.793034608,5.59E-07,29642.20773
0.966143281,3618048.881,42.11637846,4.481572851,3.41E-07,70266.43439
0.36502522,6018035.154,71.57319452,8.621685221,9.95E-07,72413.23594
0.427199394,3974818.2,75.60436833,9.753579494,8.06E-07,66346.16319
0.779229222,6374156.634,11.47690231,3.428096121,1.58E-07,4746.521271
0.557236427,53290.87057,56.77764239,6.924596322,3.63E-07,21486.94726
0.142584538,7803046.358,30.35121686,1.221084692,6.00E-07,6181.879297
0.237279323,2664684.655,53.72562564,2.93821313,4.84E-07,12000.38939
0.588275315,5103691.974,33.35383899,8.953950369,6.92E-07,52353.76572
0.872156923,1284084.02,84.90498148,0.149958691,8.98E-07,60458.49978
0.458538854,8996611.786,2.223025433,6.787591456,2.78E-07,15922.77009
0.270698016,1016493.349,44.92521069,5.343927987,2.48E-07,11186.61851
0.935227836,8727227.791,68.71800897,1.515965007,8.75E-07,142418.7793
0.65123823,4886392.759,13.99581188,7.509935287,6.56E-07,41594.82235
0.049086334,7324827.335,99.69594857,4.303944051,4.67E-07,16973.76794
0.015671512,4587470.949,36.8852078,7.195510819,9.67E-07,58721.92563
0.680243262,7030749.705,50.98874975,0.872503477,3.16E-07,2607.521825
0.906142665,685626.6812,5.760786027,9.404540527,5.35E-07,39263.20012
0.304192976,8401205.304,82.16228451,3.698555545,7.48E-07,23352.46278
0.491961313,1587957.588,64.41102162,4.830153135,6.26E-07,25519.60552
0.843113736,9305405.821,46.8986809,8.350769794,3.92E-07,33374.26616
0.617352864,2980821.211,95.3953545,2.004359195,1.86E-07,3307.750632
0.203822502,5424748.997,15.9634625,6.142074431,8.31E-07,43072.91096
0.172173249,359583.8652,92.53941719,7.858898036,3.03E-07,20117.07993
0.524245006,8114259.82,18.77151913,4.033408409,9.27E-07,31546.09127
0.812140504,4288530.076,73.51861898,5.072937272,7.21E-07,41322.70406
0.397690822,6692788.978,37.84238549,1.864470004,5.09E-07,8009.03238
0.335474649,3316702.28,8.762634046,0.420493477,4.39E-07,1559.040473
0.99912708,5721532.733,79.1095175,6.43862785,6.31E-07,414629.2377
0.711339103,1877054.844,27.63208118,2.589709064,8.50E-07,19346.46528
0.110308749,9633522.932,60.29013701,9.224942015,2.20E-07,17156.25333
0.122960873,122092.4578,28.28762411,3.915175694,5.53E-07,18282.43769
0.708453975,7717443.846,58.00992555,7.899232441,7.82E-07,53002.97322
0.986353293,4061030.984,9.657350887,1.748558671,9.88E-07,64819.0243
0.338482275,6304744.738,76.6900747,5.110643638,3.48E-07,14997.89296
0.400520101,3704871.379,69.87732299,6.554421433,1.52E-07,8405.236415
0.799546971,5948013.582,42.98399213,0.382590463,8.12E-07,7863.824487
0.521294065,2276134.078,88.35605441,9.343285633,5.93E-07,46760.04335
0.184889278,9869693.334,24.55513812,2.549559099,3.71E-07,7978.078552
0.216474216,4975333.338,97.99827551,0.832321061,6.86E-07,4821.147217
0.614467311,7258144.425,14.86160315,7.313898203,4.90E-07,30237.19501
0.83033954,1082565.95,66.48332876,3.660694511,2.70E-07,16030.42096
0.494968514,8638897.484,46.42585512,9.520299872,9.05E-07,72737.50023
0.307021845,1351988.107,0.160659037,8.388519926,8.69E-07,61500.48338
0.893548707,8906450.03,86.13851782,4.71420935,2.54E-07,32433.74547
0.677291911,2754236.139,31.53570763,6.182374598,4.60E-07,24226.9317
0.028387117,5036398.197,54.81277294,1.886168459,6.63E-07,10555.5031
0.061882055,3048421.326,17.58789411,8.994094212,3.20E-07,24276.86733
0.648206763,5335503.851,94.50514941,2.819866107,9.63E-07,23556.4845
0.922553777,1677813.006,49.15777493,6.825488385,7.58E-07,107054.7672
0.273606986,9237195.397,62.98361864,0.034161665,5.26E-07,153.2022726
0.46151173,773650.6507,84.20023709,1.478252519,3.96E-07,4971.242628
0.859417051,8334826.366,4.454008236,5.459835915,6.21E-07,28315.87971
0.585424102,4654460.196,52.88012256,4.263603561,8.40E-07,30323.75181
0.249896698,6942115.464,35.82247431,7.62816456,1.77E-07,11398.17004
0.155380669,1964793.95,62.32931594,5.911231429,9.31E-07,46437.22735
0.554205384,9563197.387,26.32655657,2.234521039,2.99E-07,5654.48128
0.766555573,3386417.515,81.00231037,8.737635129,5.18E-07,41937.50093
0.430108789,5634403.899,7.70134149,4.443826124,7.12E-07,26686.68672
0.367998506,4357635.635,39.46501556,3.312342861,6.35E-07,17757.04192
0.953403834,6606269.856,72.62659149,9.791443971,4.35E-07,128745.6507
0.741437736,445492.7147,21.02900534,1.10270343,2.30E-07,2724.816411
0.093410339,8045764.571,91.11037958,6.964782144,8.41E-07,49441.88252
0.07792387,3904282.002,67.69641448,7.659326275,3.79E-07,24500.75914
0.725916975,6464164.988,44.39490648,4.155781179,5.84E-07,21359.02649
0.93763989,275141.0503,99.07098177,5.496968788,7.90E-07,253183.9468
0.352268846,7561724.171,13.06868924,1.361696089,1.73E-07,1993.295072
0.414076863,2427924.449,34.28686335,0.307886056,3.50E-07,910.6014035
0.750603707,9715079.121,54.36872306,6.628453242,9.86E-07,57418.94623
0.538986897,3547016.748,2.7714353,3.102229274,7.67E-07,20071.12708
0.140082114,6108691.867,85.93250266,8.791145075,5.68E-07,42162.90114
0.233922364,1238324.458,12.41461006,7.073977634,6.72E-07,40080.13109
0.569415477,8485810.246,76.23992136,1.072912442,4.52E-07,4145.492494
0.844141806,4815951.92,30.89229692,9.906629674,2.32E-07,21678.12058
0.446270769,7414854.761,57.81001385,3.273836879,8.90E-07,24602.49821
0.258063758,2593519.021,89.57524359,4.63949054,9.07E-07,35509.63446
0.907090609,5194291.473,22.51808603,8.46253763,2.69E-07,24738.08204
0.632500412,1506563.487,70.9439258,2.438843285,4.75E-07,10125.88259
0.046095637,8754698.305,41.19718168,5.630238989,7.01E-07,33322.27029
0.013169059,1834791.536,78.17791301,2.748846235,2.02E-07,4685.877927
0.661993762,9078005.886,8.120977742,9.067013905,8.15E-07,62379.16468
0.87751718,2895142.18,59.74295331,0.583299516,6.10E-07,32493.08103
0.291070415,5490994.164,26.60581337,6.274612749,4.08E-07,21608.37801
0.479204969,4502287.704,19.79150599,5.221099101,5.44E-07,23977.40432
0.814610315,7096346.364,93.06808657,1.715078272,7.39E-07,24333.16227
0.59898127,931888.4075,38.46555094,8.013167698,9.58E-07,64942.72082
0.200953862,8174530.014,74.44391903,3.88036865,3.25E-07,10635.60244
0.169182521,3230889.747,47.91417212,2.163506042,8.66E-07,15814.13697
0.505507218,5787720.685,64.94742909,5.9841557,2.05E-07,10347.68561
0.784003307,2123946.007,16.59453294,4.992949796,4.24E-07,18636.49379
0.385056535,9406256.498,96.31637349,8.186745016,6.47E-07,44693.24112
0.323206593,605826.52,50.04962175,9.552712033,7.30E-07,58836.87909
0.971111933,7887489.173,36.24821402,3.549173191,5.00E-07,92674.12349
0.692479235,4203442.189,81.61997791,7.349771103,2.94E-07,18847.08972
0.10695182,6758404.708,4.727161577,0.719454042,9.36E-07,5681.783071
0.108101458,4189705.074,44.24880057,8.822553176,7.74E-07,57582.50296
0.693541167,6784374.024,67.84318796,3.128817669,5.62E-07,15547.27489
0.970084363,619533.5562,13.1187492,6.616608217,3.56E-07,31647.0436
0.322022593,7861564.872,99.02330599,0.30090093,9.80E-07,2488.721417
0.384256893,2146840.162,54.61170045,1.35465246,7.97E-07,9112.474979
0.78310827,9390664.802,34.0415018,5.485029235,1.67E-07,8392.074994
0.506428928,3208031.035,85.59040374,4.18223545,3.86E-07,13642.63641
0.16995549,5803272.729,3.112866663,7.690716662,5.78E-07,37480.67989
0.202088241,918791.8294,76.48452893,5.661671951,4.82E-07,23005.03632
0.600027943,8199844.192,12.17086079,2.465416348,6.95E-07,14472.93645
0.813598004,4515414.398,57.46936032,8.450717465,9.14E-07,74437.75092
0.478036227,7070987.208,31.23514388,4.632490081,2.62E-07,10253.55945
0.290255514,2918611.015,22.37053471,3.26681811,2.39E-07,6587.044325
0.876606883,5474831.662,89.72060147,9.894674788,8.84E-07,123877.4884
0.662930732,1811287.221,41.24561146,1.099391572,6.78E-07,6719.844473
0.013957286,9094208.002,70.89463772,7.105352688,4.45E-07,26677.44765
0.042989029,1490404.431,7.876367196,3.911168052,9.51E-07,31398.39494
0.629489199,8778169.394,78.42166526,8.039145311,3.31E-07,22621.37518
0.910075149,2609724.285,26.94646988,1.70384403,5.37E-07,28779.11745
0.261197039,5170789.114,59.40010337,5.214722674,7.46E-07,32815.24249
0.44902738,4841268.016,93.2156349,6.268179903,6.03E-07,31906.10683
0.846986123,7401761.293,19.64615109,0.571968663,4.15E-07,5324.791175
0.566536797,1212967.518,74.39549223,9.092859477,1.95E-07,15052.90526
0.231200115,8498940.348,38.51483604,2.779625839,8.22E-07,19278.73425
0.136990765,3531421.644,65.09353799,0.75027622,2.88E-07,1820.921953
0.535990943,6131583.806,47.76739566,7.375735467,9.43E-07,58683.97756
0.753572987,2443473.383,96.26631056,3.537961725,7.23E-07,26788.5393
0.417194885,9692218.491,16.64221171,9.546322357,5.07E-07,40801.19193
0.355040716,301108.4112,36.0052396,8.180334946,4.17E-07,28781.2185
0.940499467,7547983.909,50.29498032,4.981605693,6.54E-07,103067.6097
0.723023036,3878355.447,5.069257525,6.010024047,8.60E-07,43558.98734
0.075186362,6477868.579,81.27854953,2.194272397,2.11E-07,3911.898402
0.090393378,461678.4415,57.96219016,2.57664812,5.99E-07,13027.44324
0.738333061,8022243.866,28.33755294,9.375270279,3.64E-07,29171.31613
0.956542871,4341494.886,76.83697931,0.374962102,1.59E-07,47076.41431
0.370981105,6629760.445,9.511304577,6.541856658,8.05E-07,44452.23878
0.432955048,3361080.112,43.32534005,5.098213881,9.95E-07,42785.80194
0.769306429,5647552.346,69.53511677,1.740948321,3.41E-07,7382.777832
0.551481201,1990091.739,24.30988385,7.931275293,5.60E-07,37505.06801
0.152507737,9550084.42,88.59911525,3.942358349,7.75E-07,25784.4861
0.246894996,4669990.486,15.20458124,1.913232321,4.67E-07,7532.826345
0.582334686,6919234.998,97.65768158,6.214374875,6.57E-07,34556.22957
0.862540829,758075.3447,46.18204625,4.70655583,8.76E-07,60326.56218
0.46447907,8357736.91,66.72780519,8.375970781,2.47E-07,17482.46812
0.276468503,1651905.095,86.08933703,9.507844957,2.77E-07,22234.35252
0.925319891,9250918.822,0.209172262,3.653099792,8.99E-07,22100.51617
0.645467321,3074368.889,54.95804738,7.345915897,6.93E-07,43273.40514
0.058993865,5321744.982,31.38804903,0.859519346,4.83E-07,3504.085442
0.029447109,2767961.483,94.16216834,7.655861982,8.34E-07,53846.2774
0.678447305,5010493.396,17.92849102,4.296199288,1.84E-07,6714.318622
0.89236664,1338231.455,63.22743049,5.451596472,3.90E-07,45779.68459
0.305988527,8932401.001,48.91329552,1.465079342,6.28E-07,7762.631166
0.494079225,1059688.93,4.503186047,0.021120827,7.51E-07,139.7714645
0.829537964,8654430.028,84.15172684,6.817269634,5.33E-07,42113.8945
0.615234524,4998247.03,35.67720285,2.85251736,3.13E-07,7598.489902
0.217397868,7242571.075,53.02777818,9.021887948,9.70E-07,73820.37453
0.185934011,2289280.57,26.37429494,6.992457087,2.23E-07,13148.23376
0.5224342,9844352.784,62.27938414,1.135312108,8.48E-07,8146.436694
0.798380163,3691756.157,7.554433901,9.783182051,6.29E-07,51644.39832
0.399502042,5973307.924,81.14835966,3.299182635,4.42E-07,12300.99075
0.337577727,4037506.871,72.28524656,4.430762808,5.12E-07,19126.00654
0.985536459,6320928.248,39.8072188,8.729429329,7.18E-07,193908.0631
0.709236447,145579.9361,91.35563087,2.267149814,9.24E-07,23501.44089
0.123899783,7701301.179,20.78594748,5.939038116,3.06E-07,15329.74582
0.113045333,1900540.218,90.24765074,1.253661085,3.70E-07,3913.682462
0.714232058,9617378.16,23.39500268,6.952312482,5.93E-07,35058.41615
0.996268427,3293176.062,71.81850541,3.414980386,8.13E-07,459535.7237
0.332703763,5737714.139,41.87345173,9.745283205,1.51E-07,12421.98776
0.394571817,4275422.323,11.52453339,8.613523355,3.47E-07,25219.94319
0.809170299,6718090.789,75.55435308,4.468474533,9.89E-07,49443.46591
0.527241943,372737.8256,30.20439272,5.820809569,7.83E-07,38482.85662
0.175265522,8088926.739,56.92379897,2.307488387,5.53E-07,10759.97787
0.206543827,3003736.97,33.4030764,4.336495287,6.62E-07,24235.92539
0.62023056,5409177.714,53.67724653,7.537667077,4.61E-07,29414.02608
0.840270342,1565082.635,2.077622846,1.502824115,2.55E-07,3303.415709
0.489205685,9320940.432,85.0525775,5.335647328,8.68E-07,39095.42747
0.301058711,671862.5979,68.37511135,6.779404431,9.05E-07,51747.11946
0.903157202,8427148.844,45.26591488,0.136876004,2.71E-07,16217.71504
0.683255458,4601188.862,99.93965314,8.981700172,4.91E-07,38024.42164
0.018779044,7004837.473,13.75124901,2.970899385,6.86E-07,17187.67198
0.04829909,4912338.218,50.93950935,6.174039744,1.80E-07,9357.74658
0.650302185,7311066.362,36.93358989,2.031466953,8.38E-07,14568.99315
0.936137148,990583.3336,82.30769008,8.33826246,6.19E-07,165880.3745
0.271511992,8740949.112,5.613187031,4.822467927,3.99E-07,16235.48684
0.45970852,1268516.183,47.24157555,3.69100208,5.28E-07,16469.33675
0.873170217,9019529.799,64.0703204,9.39205329,7.55E-07,86030.55035
0.587227718,2680222.414,15.71976092,0.899667357,9.61E-07,7333.035823
0.23614396,5080818.977,95.63991438,7.227573041,3.22E-07,19657.52668
0.141812553,78590.72625,19.11299818,9.256884849,8.44E-07,65911.78324
0.55631564,7789935.458,92.19727058,2.616829774,2.27E-07,5053.203285
0.780123276,3949482.864,37.59707162,6.426098039,4.33E-07,25213.5911
0.427998113,6387307.149,73.76154869,0.41282122,6.38E-07,2226.733514
0.366210145,3601900.702,79.06188939,1.856894061,7.14E-07,11191.6325
0.967171835,6041518.311,8.812646313,5.060462986,5.16E-07,30594.61559
0.743225683,2221680.492,60.43695818,4.06054981,2.97E-07,11543.01519
0.079641918,9933597.968,27.48592759,7.890973209,9.34E-07,62151.88583
0.064331368,3138600.644,0.855429626,7.494078173,5.71E-07,36096.20057
0.728018119,5889465.827,87.01939218,0.710127763,7.64E-07,7019.9184
0.951232798,2061257.373,32.41891791,9.66211447,9.84E-07,154225.6994
0.35016813,9459484.921,55.50368175,3.500059586,3.52E-07,10394.10748
0.412264116,532119.2812,97.13056228,4.865693448,1.76E-07,7237.747552
0.764362595,7932216.44,14.17999258,8.21804282,7.88E-07,54956.87423
0.54080005,4119663.778,65.80405522,2.076038212,5.82E-07,10234.191
0.126323654,6871177.99,45.55427899,6.050359327,3.82E-07,19483.76379
0.220344711,1722937.228,69.0033111,8.079446948,7.04E-07,47984.17172
0.571531455,9160262.109,42.30829875,3.792976441,4.72E-07,15145.51447
0.857719045,2851946.636,87.68269807,5.252473718,2.66E-07,25681.98681
0.44415437,5563791.964,23.67726333,1.587898737,9.10E-07,12188.47096
0.25626586,4448140.306,28.97609605,0.534109098,8.93E-07,4024.467125
0.920864332,7160557.186,58.8967171,6.383938373,2.30E-07,35027.38191
0.634297896,828611.5423,10.54647836,2.739444334,4.49E-07,10430.79385
0.032321493,8267728.556,77.37468485,9.211245353,6.74E-07,52387.1695
0.003263055,1144776.817,40.3329212,2.425077327,3.24E-07,6630.88288
0.667766124,8588814.298,73.30839113,5.779900349,9.59E-07,47363.75252
0.887422777,4752004.375,21.70846831,4.594778504,7.40E-07,40272.45042
0.285297625,7469341.722,91.98214774,8.566623886,5.43E-07,39280.70652
0.473266221,2521070.32,61.63473739,9.932573188,4.07E-07,34142.29012
0.824227922,5237759.829,25.44587164,3.15102021,6.11E-07,19875.17064
0.604919611,1424043.987,80.11928915,7.145497442,8.16E-07,49538.10556
0.191335827,8866213.049,7.010625094,0.981043042,2.01E-07,1665.084426
0.159261669,3791245.144,83.51157275,3.010435496,9.35E-07,23754.52278
0.511264745,6547603.538,3.567027628,8.862740505,2.95E-07,22075.11254
0.793924573,230763.1809,51.99080566,0.1851462,5.01E-07,8361.498293
0.379299428,7635704.521,35.13767213,6.654473569,7.29E-07,40941.90512
0.317252996,2374959.601,18.46171396,5.600978231,6.46E-07,30534.11818
0.980714705,9778107.617,95.18065336,1.316907241,4.24E-07,233648.541
0.698433246,3444922.209,49.83094222,7.808912013,2.06E-07,13850.91498
0.097349469,6200707.859,63.86130102,4.1419396,8.65E-07,30244.60646
0.098235275,725413.7199,16.31233441,8.493732392,1.54E-07,11005.30851
0.699257974,8285979.144,95.76859086,4.66820821,8.10E-07,33278.02546
0.97995049,4624589.158,47.29599823,5.706363443,5.91E-07,168658.3192
0.316305723,6912854.717,64.83270639,2.497933112,3.72E-07,7850.676137
0.378293219,3097354.071,82.53405089,1.053917881,5.49E-07,4880.612953
0.792735305,5383826.306,6.108089599,7.072093917,7.87E-07,46841.43412
0.512392546,1707006.704,51.40896006,3.224545188,9.93E-07,27051.21367
0.160328392,9266999.386,37.28095828,9.859738857,3.43E-07,28523.27288
0.192221998,4328165.436,60.66304034,6.581596366,8.71E-07,48342.27606
0.60574469,6577409.948,27.98052468,0.258552088,2.52E-07,583.950956
0.823464311,396855.5414,79.53163067,8.78921789,4.58E-07,48140.86448
0.472319536,7996517.107,9.160284413,3.083267463,6.65E-07,17297.5887
0.284291542,1993739.979,38.18935453,4.21482873,6.82E-07,24236.88785
0.88623362,9592753.707,73.88995547,7.73548467,4.95E-07,60528.91997
0.668894767,3435598.526,19.16769951,1.39044651,2.75E-07,3325.033057
0.004330605,5682974.619,92.95996203,5.528120083,9.00E-07,42001.09356
0.037234295,3734722.991,29.95389953,3.572898624,4.02E-07,12103.8606
0.639393787,5977254.903,56.35595762,9.588594163,6.16E-07,50073.68892
0.915829938,2324389.801,11.12803041,0.783536107,8.35E-07,20062.51277
0.251292515,9918559.348,75.23113196,7.42120819,1.82E-07,11403.72658
0.439362448,92917.58878,71.15298421,5.977508399,3.18E-07,16090.39942
0.852988171,7687658.687,41.72062797,2.149579937,9.65E-07,33351.51128
0.576201785,4012078.85,90.21736043,8.144617784,7.59E-07,52306.62729
0.22519813,6256402.895,22.70555548,4.938589649,5.24E-07,21847.39892
0.131235614,1400606.451,99.2738354,1.660752066,6.40E-07,8973.139735
0.545895114,8955678.664,13.59816151,5.178929592,4.30E-07,18808.86581
0.759328075,2783725.726,68.34510564,3.866399076,2.25E-07,8937.91175
0.407290659,5065277.493,44.57676719,8.006553147,8.46E-07,57179.56785
0.345375605,4926171.752,1.826845051,9.138408716,9.29E-07,71656.82241
0.946501336,7209593.13,84.48443664,2.812962241,3.01E-07,81111.41603
0.732688084,1053601.129,33.00686995,6.310527629,5.20E-07,28675.6007
0.069184436,8609322.373,53.35428916,0.606981481,7.10E-07,3636.622357
0.08467858,4472798.154,80.0397197,4.749057182,3.54E-07,14202.46901
0.74820129,7067467.104,6.27184809,8.411134843,9.81E-07,69525.78905
0.962257725,883270.0265,61.01854301,1.958630316,7.62E-07,204284.8386
0.361112939,8125301.343,25.34233,6.247557651,5.73E-07,30223.63847
0.423330289,1863756.319,21.26268618,7.300995677,3.78E-07,23257.12307
0.775272356,9107580.96,91.60959683,0.826773556,5.86E-07,8938.788143
0.561106016,2944303.803,40.13175483,9.464906619,7.92E-07,63288.0715
0.146541873,5539545.497,72.7898319,3.617457955,1.72E-07,5245.811212
0.241180019,557570.8342,49.38488145,0.339396184,9.12E-07,2612.936061
0.592202736,7838623.197,63.48844463,6.49899424,2.64E-07,14514.5848
0.868255743,4173590.54,18.26083816,2.543978845,4.70E-07,15078.07704
0.454610964,6729163.349,94.66236384,9.330426574,7.06E-07,55619.34197
0.266843327,3279841.844,51.91094564,7.964381554,6.70E-07,45016.846
0.931285402,5836062.491,34.39862542,3.987679828,4.53E-07,45774.42864
0.655092434,2153120.913,82.89565701,5.133302024,2.34E-07,10467.84926
0.053028299,9436041.695,3.46379146,1.783373753,8.89E-07,13374.73316
0.01954099,2476561.585,66.22570497,9.818822474,5.46E-07,45228.55477
0.68420047,9764326.548,45.85389113,3.342122238,7.38E-07,21221.05421
0.902272703,3576486.985,97.40467637,7.025201612,9.57E-07,162873.7565
0.300235298,6137551.813,14.72269908,1.180233743,3.27E-07,3251.978346
0.488075377,3855101.028,32.42553964,2.233965772,1.97E-07,3718.139154
0.83920112,6415594.305,56.21831148,5.893641536,8.20E-07,54463.2588
0.621238315,246194.9844,1.495756388,4.395597331,6.15E-07,22772.22248
0.207734649,7532167.815,87.19587259,8.686929243,4.03E-07,29546.48582
0.176027594,2623390.021,10.55280356,5.409172306,7.32E-07,33393.17823
0.528187067,5223552.183,78.08905083,1.429989785,4.98E-07,6048.381122
0.808286643,1554800.456,29.61670742,7.610541917,2.93E-07,20629.21118
0.393749231,8803545.564,59.07349703,4.263091762,9.38E-07,33730.21171
0.33157382,1209130.796,88.10406321,2.897362479,8.61E-07,21057.91606
0.995199555,8456006.294,23.97657596,9.054555957,2.10E-07,40106.03725
0.715240417,4767019.137,69.27772172,0.06398451,4.29E-07,1294.18092
0.114236743,7366532.269,42.851269,6.852834137,6.42E-07,37118.77026
0.119048242,2855364.379,74.82898699,1.54837447,9.76E-07,12744.35616
0.704568054,5606229.561,38.82625406,5.368982465,3.60E-07,16681.99446
0.990265455,1797682.564,93.50236586,4.378844278,5.66E-07,376339.8531
0.342367711,9195910.112,20.20141747,7.572678779,7.69E-07,49159.93996
0.404477324,815364.7849,26.96493623,8.938609474,5.80E-07,43752.17427
0.803416434,8215461.944,60.12653936,2.935105186,3.83E-07,13403.89767
0.517336372,4383247.825,8.529310458,6.734636572,1.64E-07,9346.016998
0.181019331,7134762.037,78.61070593,0.104282575,7.99E-07,703.828901
0.212546676,2084320.481,5.088199226,3.382463472,2.58E-07,7366.243021
0.610566496,9521645.362,82.00547576,9.700591861,9.18E-07,75322.554
0.834267549,3193627.905,36.6576956,1.217942807,6.99E-07,15739.91842
0.498869813,5905473.233,50.48356651,6.909297703,4.77E-07,27842.49332
0.310963921,4086766.888,96.70029257,5.855745351,4.47E-07,22109.74024
0.897403038,6799183.767,16.95408421,2.349761458,6.76E-07,24081.72778
0.673350304,486940.1075,65.3797936,8.646781977,8.81E-07,65653.44914
0.024533271,7926057.121,48.3221718,4.513948373,2.41E-07,9196.196855
0.057925205,158457.1072,85.49822337,6.458690054,7.42E-07,40416.94556
0.644337643,7602494.588,2.361523822,0.457590344,5.42E-07,2098.673023
0.926511097,3785384.564,53.98365511,9.292677782,3.36E-07,58246.64772
0.27747659,6502721.91,33.92616023,2.659921886,9.47E-07,21260.55021
0.465424466,3507380.196,12.66035653,4.025536843,8.25E-07,28006.21877
0.863303106,6224069.705,98.63818886,7.848625633,1.93E-07,24284.53106
0.581511836,2390653.965,44.03578361,1.82355751,4.12E-07,6408.111428
0.246011127,9832823.027,67.31282843,5.014913896,6.06E-07,25624.60275
0.15143825,4699420.251,40.78770009,8.292789886,5.02E-07,35153.05566
0.550350681,7455778.644,70.50998104,4.789207891,7.27E-07,29438.95121
0.770497522,1119274.149,22.15704838,6.131768087,9.47E-07,50803.41847
0.433963008,8524215.489,89.18974574,1.996529906,2.83E-07,4778.737108
0.371925912,1466775.257,57.37764934,0.94268355,2.14E-07,1702.525732
0.957304545,8869923.272,30.48429724,7.263290055,8.57E-07,122431.2753
0.737509861,2556402.004,75.85600228,3.735694689,6.51E-07,23248.16539
0.089509144,5312187.653,12.05505879,9.42456879,4.19E-07,33353.39279
0.073997417,1636966.601,35.41414085,5.297317571,8.01E-07,35809.76219
0.722017218,9353804.543,52.4473289,1.620567863,1.63E-07,2594.49634
0.941566812,3009938.604,4.094886113,8.122309514,3.68E-07,21027.91695
0.356169087,5454476.681,83.81665178,3.82854221,5.95E-07,19224.36719
0.418020235,4539005.178,62.5493401,2.697019051,7.78E-07,17700.39927
0.754459363,6981673.644,48.7478642,9.176157061,5.58E-07,44611.28052
0.535043994,655984.5213,94.12008071,0.488787768,3.39E-07,1500.724052
0.136226942,8372173.434,17.22719024,6.350831964,9.97E-07,53425.63468
0.230010582,3345419.431,90.67801581,9.628931545,2.43E-07,19755.99539
0.565530376,5750860.175,20.62100641,3.45466174,8.80E-07,25667.07214
0.848053118,1926464.695,72.24267167,7.458913961,6.61E-07,62598.46974
0.450155386,9682322.493,39.10546355,0.66762656,4.62E-07,2607.890102
0.262021562,330189.9711,7.291859161,2.1116799,4.86E-07,8653.310808
0.910960683,8085476.217,80.56836487,6.093297814,6.91E-07,107278.7498
0.628542138,4239816.635,25.96551967,4.898439089,8.96E-07,37151.01906
0.042225079,6643465.246,61.94381884,8.262963189,2.80E-07,19496.1927
0.009226029,3945719.598,24.91426024,0.218253577,6.24E-07,1148.859443
0.658138478,6344447.742,88.73963971,6.699793783,3.94E-07,22630.21473
0.88145974,4262.431979,43.39232559,3.045524904,1.88E-07,21456.7402
0.294925215,7754628.21,70.31011665,8.90516482,8.29E-07,62321.83635
0.483131555,2235124.968,77.0751434,7.77334736,9.72E-07,63795.83535
0.818510177,9986138.585,10.01805475,4.099076065,3.11E-07,11187.78181
0.595054214,3666533.482,58.44420409,5.568310073,5.30E-07,25006.77052
0.197053516,6067130.045,28.69753485,1.272062271,7.53E-07,8085.682229
0.165224344,967102.8861,55.19669277,4.549857019,4.38E-07,16801.45205
0.501636801,8678447.618,31.89525965,8.533879212,6.33E-07,45563.67015
0.787961953,4857656.779,86.57088158,2.382137873,8.52E-07,26044.84836
0.388927436,7295481.064,0.568657971,5.744259777,2.19E-07,10599.68446
0.327118271,2713379.304,46.78689202,7.187997677,3.08E-07,18705.17085
0.9749969,5152996.914,66.86882586,1.01620837,9.22E-07,318092.1357
0.688568027,1313497.34,15.27108548,9.977969917,7.16E-07,60365.07358
0.103067337,9025414.815,98.43222102,3.184204102,5.14E-07,13811.29172
0.10253273,2715971.707,19.93411734,4.459845852,4.51E-07,16976.50123
0.687880858,5120840.9,93.72026616,8.604836301,6.73E-07,49882.90323
0.975653566,1306000.84,38.99763973,2.296544576,8.92E-07,192619.1109
0.327683381,9062507.667,74.70433089,5.80988364,2.32E-07,11362.19288
0.389857568,950485.4227,78.73555238,6.941740251,2.68E-07,15723.21417
0.788739494,8705122.639,8.358115896,1.243106699,9.08E-07,10239.54087
0.500828728,4869436.934,59.90882942,9.736435379,7.03E-07,57744.68167
0.164324745,7273657.097,27.23242747,3.406074225,4.74E-07,13634.49503
0.196030755,2256667.667,50.60669637,0.128241405,5.84E-07,632.4853961
0.593878875,9974077.161,36.48478444,6.770751951,3.80E-07,21761.70881
0.819655012,3640149.266,81.78604923,2.959930602,1.75E-07,8865.914089
0.484184819,6084038.313,5.353973866,8.970789762,7.90E-07,59779.80754
0.296343993,3908927.086,48.0562068,7.527088929,9.86E-07,62604.27946
0.882725912,6352244.582,65.59902903,4.325975474,3.51E-07,31685.65752
0.656841774,36146.71305,17.12680501,5.326774531,5.70E-07,25988.17274
0.007837783,7751764.075,96.57697161,1.493933473,7.66E-07,9660.723864
0.041294604,337674.1969,33.75420274,9.382365936,2.04E-07,16112.13575
0.627764225,8048371.091,54.10773863,3.681258735,8.67E-07,27109.69992
0.911769099,4237250.176,2.62977799,7.217685597,6.47E-07,34937.76468
0.262921534,6675647.204,85.28127637,0.889800176,4.22E-07,3171.676367
0.450689859,3333655.721,67.5299658,2.021360402,4.99E-07,8514.670924
0.848740183,5772700.587,43.76772055,6.163953419,7.30E-07,49373.50207
0.564873843,1943060.387,98.5142957,4.813152114,9.36E-07,38218.30867
0.229445577,9655625.7,12.83250513,8.328890694,2.93E-07,20599.54907
0.134808536,4565363.413,89.40821824,5.050752967,8.14E-07,34700.21935
0.533778165,6964739.395,21.89032045,1.847163778,2.02E-07,3161.424527
0.755755696,634454.0589,70.38742301,7.881082155,4.09E-07,30464.63954
0.419408139,8384247.094,40.96118382,4.050714747,6.09E-07,20801.17113
0.357191953,1605104.129,11.8813847,2.606700558,7.38E-07,16232.11131
0.942742284,9356690.489,75.9783692,9.246811587,5.45E-07,139361.1317
0.720872278,3046714.708,30.75083482,0.403501797,3.25E-07,1591.098833
0.072944019,5446663.433,57.15898574,6.41675839,9.57E-07,51811.92263
0.088731376,1463894.135,83.64300154,8.207655197,4.89E-07,33886.923
0.736579479,8901790.568,4.217229197,4.85528798,6.88E-07,28155.01807
0.958204394,2564220.001,52.71389031,6.041296004,9.07E-07,205297.3084
0.372734212,5275416.299,35.19545341,2.067033224,2.70E-07,4708.836557
0.43464995,4716349.677,17.44568658,0.701302602,2.53E-07,1500.652017
0.77103188,7429415.585,93.85332894,7.485311384,8.70E-07,60990.41986
0.549785821,1107195.74,48.62533001,3.489281366,6.65E-07,19637.06443
0.150781811,8545741.202,62.72279999,9.651318368,4.59E-07,37417.45669
0.244745189,3485535.072,39.32262475,6.373556668,7.81E-07,42015.57948
0.580093299,6235828.703,71.97458476,0.523669057,5.55E-07,2537.814858
0.86469111,2417345.972,20.49713709,9.202207002,3.49E-07,29891.52884
0.466720936,9816222.549,90.85014057,2.730423828,9.87E-07,22758.72265
0.278652163,195566.945,61.77188519,3.784157197,8.11E-07,25910.52072
0.927534101,7595015.074,26.08957935,8.070645586,1.53E-07,16462.70788
0.643284136,3753207.392,80.83664288,1.577145489,3.72E-07,5259.664443
0.056780134,6505293.156,7.074888317,5.241662097,5.92E-07,26186.49987
0.023845957,4078974.797,70.04412781,3.140776649,2.98E-07,7901.308069
0.672815604,6835981.028,43.61158486,9.9223094,9.32E-07,78331.24809
0.897968271,489809.0671,88.91233667,0.971837965,7.12E-07,95007.54453
0.311620703,7894177.664,24.79096312,7.136348319,5.17E-07,31133.3434
0.499647477,2096377.155,28.82064086,5.770304638,4.34E-07,21138.50847
0.835197797,9500097.914,58.27131678,2.415537607,6.36E-07,23554.77435
0.609666751,3176714.813,9.79860438,8.556618523,8.42E-07,60779.56149
0.21173851,5931852.625,77.34094188,4.584752878,2.28E-07,8834.828832
0.179844101,788684.9775,0.693480583,1.306686344,9.62E-07,10606.31663
0.516313741,8232074.621,86.39971086,5.59070138,3.20E-07,15130.63277
0.804469598,4405067.08,31.67752588,4.132738133,5.26E-07,21158.78093
0.405622022,7122977.17,55.46420785,7.799730772,7.56E-07,49775.52471
0.343633783,2887525.179,98.16489704,8.853167458,6.20E-07,46325.27041
0.991684096,5603641.945,15.48900962,3.000882713,3.97E-07,45662.45673
0.703179915,1760594.424,67.04018769,6.644471816,1.78E-07,10488.44404
0.117751667,9203411.324,46.66225977,0.175088456,8.39E-07,1239.960621
0.114800795,1177236.998,64.56540626,5.474946483,6.92E-07,31968.21607
0.715895995,8458937.199,47.51389853,1.344551863,4.85E-07,6175.37704
0.994513444,4803763.989,95.93997653,7.681348468,2.79E-07,205665.167
0.3310403,7358764.055,16.18767831,4.172925592,8.98E-07,31605.09988
0.392848304,2649802.827,37.40580474,3.119077896,8.74E-07,23012.55692
0.807477273,5206596.217,51.2377655,8.812871776,2.49E-07,20960.93886
0.528965934,1533324.489,5.890379664,0.291037322,4.69E-07,1156.013681
0.176959023,8815597.433,82.80154212,6.606726727,6.55E-07,36537.56364
0.208787094,3843387.642,9.28341427,9.884597953,5.59E-07,46622.02344
0.622382302,6437408.755,79.35871951,3.256682939,7.77E-07,21617.40938
0.838026601,262841.0738,27.76109815,7.096009466,9.97E-07,70497.4763
0.487053465,7505445.134,60.92881498,1.090066196,3.40E-07,3136.002549
0.298846441,2484010.387,92.69399703,2.455682492,1.57E-07,3261.298398
0.900975417,9727262.285,19.38693494,5.651955977,8.07E-07,50728.31507
0.685467253,3573885.027,74.06267626,4.622651444,6.01E-07,24289.80973
0.02096035,6169774.559,38.06603357,8.440820456,3.63E-07,25857.09267
0.053928852,3243075.294,75.05917447,0.561420231,9.26E-07,4384.219237
0.655901461,5843809.007,11.25211393,6.257611245,3.04E-07,16059.06425
0.930506907,2185031.082,56.62421179,2.770725632,5.09E-07,75455.60329
0.265912241,9433127.161,29.73695253,9.084015224,7.19E-07,55143.33138
0.454046808,579072.6706,22.92269284,8.030464211,6.30E-07,42682.53976
0.86760003,7826597.198,89.94929736,3.902542943,4.40E-07,37932.10262
0.592888951,4147165.535,41.59673481,5.2038027,2.21E-07,9735.403798
0.241713672,6746107.115,71.32513281,1.692903792,8.49E-07,12130.18361
0.147931073,1847093.896,44.79523968,4.971079926,3.14E-07,13186.65665
0.562403674,9134287.307,68.07837771,8.169753225,9.68E-07,66761.55137
0.774005231,2956038.923,13.47560348,2.1853758,7.49E-07,14724.17575
0.421910557,5517752.781,99.44731913,6.001147677,5.34E-07,27029.77759
0.360060629,4475412.273,53.18061507,7.367077032,3.91E-07,24305.40769
0.961113843,7035256.521,33.12923687,0.741638049,6.26E-07,82558.85888
0.749375675,875795.3178,84.75097421,9.535405993,8.32E-07,72499.52802
0.085700388,8162339.699,1.608181451,3.52698937,1.85E-07,5503.712063
0.069993556,4958377.512,25.16867975,1.731405029,6.80E-07,9939.921754
0.733588783,7206974.187,61.14088609,5.088612215,4.44E-07,20183.93551
0.945570135,1016558.023,6.538409503,3.93232915,2.38E-07,9951.6721
0.344596988,8616792.332,79.82103226,7.921263976,8.86E-07,59218.26751
0.406634831,1373904.927,73.00832823,9.365002918,9.16E-07,72375.69327
0.758763796,8972345.911,39.86500306,2.566398604,2.61E-07,6428.383533
0.54642886,2805523.191,91.48706264,6.532703962,4.80E-07,26545.54782
0.131921975,5053547.122,21.43614607,0.36575107,6.97E-07,2151.073001
0.226495658,104948.3003,94.87952504,3.643550582,3.88E-07,11930.98716
0.577590877,7666161.562,17.99275126,9.498277865,5.76E-07,46206.26314
0.851568577,3995139.87,63.36457531,0.849465176,7.96E-07,28444.26901
0.438095422,6282832.686,49.5570062,7.335920099,1.69E-07,10465.38584
0.25014877,3726971.763,3.291857807,6.204101597,3.58E-07,18753.23063
0.914777728,6014016.74,83.01971669,1.903017379,9.78E-07,134760.2459
0.640415465,2327299.549,34.66690342,8.366793113,7.72E-07,54702.7952
0.038408572,9886644.392,51.6939748,4.697360318,5.64E-07,22351.0862
0.004986091,2030799.493,14.45671024,6.808496891,8.57E-07,49257.87842
0.669458673,9585300.155,97.62393563,0.012292093,2.12E-07,331.5320129
0.885700217,3403370.956,46.02658808,9.011085891,4.18E-07,46952.76803
0.283605554,5685571.753,66.10240785,2.841735568,6.51E-07,15618.57788
0.471510282,4306355.735,87.31897861,4.285787866,7.21E-07,26094.52659
0.822563508,6589128.083,1.32286907,7.645470786,5.08E-07,31934.96993
0.606676025,423583.0463,55.9988611,1.4560684,2.89E-07,3765.628741
0.19300072,7979875.841,32.69133813,5.442529577,9.41E-07,43190.08957
0.161472509,3114314.823,59.19831964,8.720633922,1.93E-07,14215.62665
0.513445099,5357418.287,29.4455367,4.421947137,8.23E-07,30725.16416
0.791713255,1694959.547,77.87131705,5.92823245,6.04E-07,38017.84011
0.3771186,9288480.064,10.82031864,2.256400138,4.13E-07,7853.91723
0.315008299,722478.0284,42.58394503,1.124878022,5.35E-07,5083.217237
0.978561533,8317868.156,69.49564586,6.982078954,7.47E-07,298872.2142
0.700677464,4632352.66,24.14793779,3.290168083,9.53E-07,26879.49834
0.099502166,6876105.153,87.97943096,9.774147272,3.29E-07,27163.12797
0.096541295,2352559.017,41.99295766,2.924995043,8.95E-07,22091.81639
0.697533508,9790455.449,71.64807378,8.928517213,2.82E-07,21638.13298
0.981644945,3472241.194,23.17347808,0.094982263,4.88E-07,67379.86319
0.318030667,6183437.492,90.51743077,6.725277887,6.90E-07,39128.49046
0.379956203,3827675.557,56.65421004,5.359291519,6.60E-07,29828.207
0.794489813,6540741.466,30.42610767,1.538625189,4.65E-07,8055.235675
0.510730037,199165.3087,75.72497581,7.562806835,2.45E-07,15719.17601
0.158574362,7637710.771,11.40521782,4.368990178,8.79E-07,32384.41132
0.19003926,2518763.73,84.78127198,2.339635796,3.38E-07,6663.662608
0.603531466,5269057.361,2.297621203,5.845678062,9.99E-07,49268.49762
0.82564657,1431177.791,53.84615267,4.504613488,7.80E-07,42347.8638
0.474532285,8830054.369,33.28204424,8.637429209,5.57E-07,40560.93284
0.28644233,1162328.452,13.87209008,9.690885396,3.67E-07,30025.98299
0.888475933,8561776.582,99.77055664,3.372739163,5.97E-07,68492.22773
0.6667435,4739365.739,45.04572542,6.899391185,8.03E-07,47110.42107
0.002087818,7491451.502,68.64622651,1.208094625,1.62E-07,1646.42991
0.031665062,4420809.681,5.835664917,7.838066483,7.17E-07,47414.91295
0.633733029,7177815.912,82.03886408,4.014997957,5.12E-07,17587.12027
0.921398696,851038.7041,36.81351139,5.006060134,3.06E-07,34292.39874
0.256952794,8255407.301,51.10936916,1.814647757,9.23E-07,14132.7431
0.444962678,1754552.104,95.47024568,0.448974744,8.53E-07,3253.03298
0.858618887,9158272.863,15.84002978,6.4500185,2.17E-07,12935.73225
0.570601081,2815495.01,64.3393375,2.64897214,4.36E-07,9812.714951
0.219566936,5570632.822,47.01928802,9.281748262,6.34E-07,49651.48588
0.125178576,524958.937,73.59321513,7.252698788,5.31E-07,32508.26927
0.539746551,7968348.58,37.71867561,0.932148274,7.51E-07,5929.602042
0.765385591,4121982.046,92.46762281,9.415701966,9.70E-07,83530.35777
0.413439697,6839892.136,18.89204578,3.726807601,3.12E-07,9808.064611
0.351464593,3151260.457,27.70668888,4.780560174,1.89E-07,7627.674939
0.95262081,5867377.223,60.16641559,8.284121942,8.27E-07,197742.2377
0.726599575,2043688.696,8.690851214,1.985567096,6.22E-07,10628.59696
0.063065438,9486505.596,79.2300326,6.120861231,3.95E-07,20407.50225
0.07907692,3623994.092,55.72446688,9.166564941,8.84E-07,68334.22898
0.742569144,6028863.285,32.14835148,2.687485267,2.40E-07,5916.276897
0.967858907,2194664.53,86.89762092,6.340811101,4.46E-07,191382.9085
0.36674461,9951171.357,1.023548993,0.47874906,6.78E-07,2738.606427
0.428898092,42453.79969,45.38596926,1.610327893,7.01E-07,9579.233509
0.780931684,7797091.016,65.92563537,5.287059719,4.76E-07,24441.17471
0.555537734,3980764.006,14.45036865,3.819321632,2.57E-07,8280.821425
0.14088207,6384984.169,96.90958605,8.11314731,9.20E-07,62978.57815
0.235090554,1270500.679,23.50761847,6.083721213,1.67E-07,8549.747668
0.586082785,8987910.173,87.80294309,2.102121144,7.98E-07,14282.65733
0.874345683,2673376.732,42.57733969,8.2529769,5.79E-07,55871.20198
0.460731394,5117265.78,68.78099974,4.888394464,3.86E-07,15908.26565
0.272899888,4895084.24,77.59718658,3.44443729,5.68E-07,16510.43415
0.937433488,7338401.736,10.27762852,9.618648722,7.68E-07,63544.47916
0.649036348,1002909.412,58.77666244,0.658440556,9.74E-07,6157.511573
0.046880691,8718526.774,29.14593201,7.449745839,3.62E-07,22779.04498
0.017879437,698905.0259,92.10296496,4.090237823,6.49E-07,22394.15403
0.682447392,8409601.92,21.53939565,7.764565072,4.21E-07,27649.84833
0.903934735,4579083.868,73.08817782,1.261289987,2.15E-07,24370.4778
0.301988851,7017480.896,40.6040602,5.557517562,8.55E-07,40090.8395
0.489770788,2972434.726,6.73929573,6.689393078,9.45E-07,53318.72548
0.840927016,5411479.592,80.33931135,0.207832609,2.85E-07,9995.646508
0.619543384,1601236.528,25.61475394,8.896107433,5.04E-07,37876.17782
0.206009228,9313801.841,61.51372907,3.036523508,7.25E-07,18582.90533
0.173877283,4282279.571,34.86805936,1.007402245,4.10E-07,3485.331704
0.525945231,6681655.552,52.21254446,7.179211779,6.07E-07,36773.92303
0.810436479,370726.8264,3.737626523,3.173444881,8.26E-07,22257.42332
0.395990588,8120519.861,83.39228102,9.967154742,1.91E-07,16039.38086
0.333757035,1888197.209,63.98078311,8.523510625,3.34E-07,23987.38102
0.997413255,9639783.569,49.66053443,4.539432441,9.49E-07,378634.8637
0.713056727,3310451.179,94.95910492,5.735215453,7.43E-07,38120.59486
0.112022564,5710399.904,18.73151783,2.373113813,5.40E-07,10804.16439
0.124678512,4050193.168,99.14281192,7.063416409,2.36E-07,14060.71759
0.710167775,6298789.842,12.94831756,1.045298709,8.88E-07,8085.566841
0.984635663,128037.8177,67.62166336,9.848803383,6.69E-07,310281.7773
0.336768465,7728272.126,44.5185806,3.213591868,4.55E-07,12345.45432
0.398816061,2282080.034,2.843277736,4.65766337,4.72E-07,18546.80492
0.797846751,9880521.018,85.81211869,8.48316967,7.05E-07,57905.38541
0.522998114,3694034.159,34.21212453,2.489017406,9.11E-07,19149.41935
0.186589489,5942058.09,54.49238488,5.697506109,2.66E-07,12780.89781
0.218664751,1091258.176,30.96383836,7.726822681,7.94E-07,51761.51062
0.616654022,8652471.438,57.68935868,4.206184586,1.71E-07,6109.830057
0.828148999,4961749.848,12.33976693,5.517219182,3.76E-07,18327.36324
0.492781809,7249442.663,76.36349676,1.379487273,5.88E-07,6858.599665
0.3048139,2740652.053,71.01547878,0.248022766,7.64E-07,1599.734249
0.891344598,5027697.031,41.07651496,6.571008672,5.72E-07,51647.31696
0.679499851,1360679.737,89.50041201,3.074386329,3.53E-07,10045.21794
0.030591233,8920024.58,22.64164988,8.780354639,9.83E-07,72843.42787
0.059680218,1669426.074,59.62258126,2.139827083,4.27E-07,7701.810089
0.646001075,9223926.737,26.67764388,5.967811498,6.43E-07,32475.83567
0.924755605,3061699.522,78.30158676,4.928731977,8.63E-07,159317.528
0.275812683,5343900.318,8.046227001,8.134739886,2.08E-07,14254.36059
0.463700445,4667738.988,38.34516734,9.578498329,2.91E-07,23492.41023
0.861609635,6950511.335,74.5157611,3.562782526,9.39E-07,61809.83778
0.583235377,765264.3149,19.91516819,7.411845933,7.33E-07,45874.52209
0.247704123,8321557.11,92.99334738,0.774229841,4.96E-07,3241.912091
0.153682021,3397560.327,16.47387814,2.803241504,6.13E-07,14492.11457
0.552502871,5640663.79,96.38791455,9.128708205,4.04E-07,31200.5575
0.768254226,1958543.594,48.0377479,0.597136872,1.98E-07,2367.151044
0.431811296,9552064.111,64.87258559,6.300627065,8.18E-07,43511.5986
0.369714087,439241.7625,81.49931082,5.168865876,9.54E-07,41637.08114
0.955123269,8034631.89,4.798714934,1.650632358,3.28E-07,8200.009091
0.739722161,4368777.851,50.17318522,7.997203952,5.47E-07,38187.73608
0.091690899,6612530.344,36.17338281,3.857070145,7.36E-07,23936.79512
0.075720008,288715.6005,9.732089708,0.816358543,2.74E-07,1888.326545
0.723709259,7570415.801,76.56641288,7.290598545,9.02E-07,57409.89934
0.939843747,3895580.836,28.21578168,3.608462513,6.84E-07,64792.45053
0.354476567,6450580.902,58.13030952,9.455852805,4.93E-07,39371.75661
0.416263792,3538314.987,88.43080553,8.402358509,4.57E-07,32404.01183
0.7527945,6095108.377,24.431464,4.740222512,6.67E-07,27494.71466
0.536799963,2441498.404,69.80549285,6.236771095,8.73E-07,45986.19601
0.137891326,9723771.347,43.10436381,1.947861605,2.51E-07,4124.017628
0.23222193,4809996.428,66.55816034,3.977249295,9.92E-07,33272.99289
0.567711174,7404017.541,46.30229127,7.954009394,3.45E-07,23171.28456
0.845842249,1249152.142,97.92672252,1.774343739,5.51E-07,35627.8672
0.447975062,8491756.201,14.98226987,5.124254127,7.85E-07,33960.43731
0.259777314,1517391.768,31.61055076,6.490202387,5.90E-07,32287.72263
0.908808015,8760643.665,54.68919755,0.330586486,3.75E-07,29593.49056
0.630786865,2587564.126,0.089117601,9.319605445,1.56E-07,12222.58528
0.044378221,5183453.657,86.25917299,2.533216051,8.09E-07,17290.19734
0.014888722,2901402.667,49.03411274,5.883387256,5.21E-07,25873.31655
0.663709591,5502136.38,63.05835784,2.223731757,7.08E-07,13749.64211
0.875797521,1823658.855,17.70827771,8.677770611,9.27E-07,74566.09656
0.28935458,9071754.934,94.43330734,4.386382708,3.02E-07,11188.56657
0.477502715,920755.1312,52.75644882,3.332592026,2.26E-07,6366.246796
0.812911886,8168279.658,35.89722505,9.809236309,8.44E-07,73965.69497
0.600683529,4508547.596,84.32060914,1.170198608,6.38E-07,6488.728845
0.202652286,7107489.176,4.382177721,7.015186704,4.32E-07,25540.60927
0.171374843,2110676.751,80.8787469,9.044269561,7.60E-07,58031.88061
0.507695719,9397870.162,7.776172697,2.887132074,5.22E-07,12723.15065
0.781810977,3239285.619,62.44998304,6.843662443,3.16E-07,20884.77092
0.382868043,5800999.477,26.25500321,0.054792552,9.66E-07,450.088209
0.321000673,4211838.656,20.90542957,1.420427456,8.37E-07,10026.89614
0.968909851,6771682.904,91.18522308,5.39958975,1.80E-07,81067.82383
0.694685146,592557.86,39.58567036,4.253043564,3.99E-07,14992.17518
0.109153911,7879102.242,72.55505043,7.600549673,6.18E-07,39609.60226
0.10638779,608705.3134,76.90857141,1.941486164,8.79E-07,14405.46816
0.691823634,7855619.55,9.390598741,6.225535718,2.44E-07,12854.39205
0.971798036,4195659.932,57.88739173,4.766201222,4.64E-07,139721.0591
0.32374012,6795211.803,28.46108363,8.433156962,6.60E-07,46996.48672
0.385957453,3213986.489,24.3814875,9.486633544,6.90E-07,55256.35575
0.784812684,5814109.912,88.47839787,3.634307098,4.87E-07,20169.63013
0.504728373,2136012.515,43.25055317,7.27926864,2.81E-07,17261.56198
0.16825107,9384718.884,69.65863592,0.809924599,8.96E-07,6122.560317
0.199901424,4524116.197,46.25392109,2.526825278,1.62E-07,3462.431974
0.597837276,7084570.735,66.60738881,9.308394928,8.02E-07,63136.37199
0.815784812,905217.838,15.12988079,0.356549863,5.96E-07,4562.543886
0.480226903,8191151.929,97.78130504,6.5210257,3.68E-07,20264.38383
0.292459249,1797712.633,55.02993452,5.155019533,5.57E-07,24240.1903
0.878814488,9085516.335,31.26762036,1.800213184,7.79E-07,28090.75312
0.660726987,2927312.218,86.01464887,7.942664156,9.98E-07,67774.62054
0.011749691,5488415.785,0.332783423,3.970840211,3.38E-07,11335.51041
0.045195061,2601327.78,63.10672503,7.00820048,6.31E-07,37339.05175
0.631691407,5157510.881,48.98488724,1.158354532,4.38E-07,4428.893613
0.907869111,1503673.128,94.28569941,9.835823718,2.19E-07,49668.15357
0.258994836,8786556.363,17.85369222,3.364001263,8.51E-07,24149.51334
0.446834932,1226236.811,35.5564851,4.417772145,9.21E-07,34323.76346
0.844797511,8507326.721,53.0993822,8.704225979,3.09E-07,28339.68849
0.56872924,4832872.107,4.626704821,2.211791069,5.14E-07,9603.579434
0.233388733,7388482.464,84.07694034,5.876344613,7.15E-07,35427.06838
0.138692907,2454606.622,7.434017146,7.5935502,3.93E-07,25154.64725
0.537689246,9698468.81,81.22023488,4.241222264,6.24E-07,22372.42794
0.751870855,3525161.79,26.49791802,5.426163911,8.30E-07,39152.8805
0.415496573,6120441.031,62.20468406,1.451859468,1.87E-07,2287.224474
0.353321179,3872094.997,91.23520256,0.086168741,3.09E-07,227.5502646
0.93878375,6466726.4,20.85783425,6.870140587,9.73E-07,89447.28924
0.724742583,312241.0544,72.40885809,2.875178137,7.54E-07,22381.52769
0.076902069,7554234.823,39.73253027,9.037249694,5.29E-07,40321.0363
0.092601197,4355079.01,13.19353607,5.684331499,9.18E-07,44007.84506
0.740537059,6638461.648,98.89978684,2.480779247,2.59E-07,6951.766558
0.954335043,452986.7743,44.17719692,8.51576415,4.79E-07,100763.5699
0.368777116,8008669.278,67.96390534,4.685362187,6.99E-07,27621.1963
0.430764625,1981399.475,85.66520216,3.241384321,6.75E-07,18482.43025
0.767119844,9536510.428,2.989335968,9.881456069,4.49E-07,37162.72292
0.553671615,3374663.639,54.54010836,1.037078562,2.43E-07,2155.823469
0.154694331,5656254.145,34.16220763,7.050376818,8.81E-07,52407.45159
0.248599162,752129.4261,57.54404848,8.767195659,3.60E-07,26627.42354
0.584035018,8346909.263,31.11153272,3.066123013,9.77E-07,25313.28302
0.860836668,4680827.669,76.41264179,6.603618783,7.71E-07,71940.98557
0.462778733,6925190.453,12.29128947,0.275696426,5.66E-07,1317.353004
0.274750752,3085206.667,41.32031191,1.407295356,3.83E-07,4547.729739
0.923605965,5327699.841,70.77101427,5.54984671,5.81E-07,98668.98209
0.647185078,1645959.772,22.29865987,4.19798007,8.01E-07,28526.21866
0.060707786,9240090.58,89.84101786,7.713757931,1.64E-07,10675.03018
0.027731654,1344482.37,26.8229511,0.761666312,7.26E-07,4666.27561
0.676727982,8943533.645,59.47488988,7.404216176,5.03E-07,31761.24826
0.894082104,2756819.304,7.997084953,3.594768605,2.84E-07,10137.68073
0.307707841,5004232.945,78.35006124,9.605586066,9.45E-07,76626.27135
0.495777761,4987104.255,74.27196117,8.161923936,8.56E-07,58960.41147
0.83124035,7236311.22,38.58963484,4.960773582,2.14E-07,11463.64246
0.613535997,1065939.249,93.33634037,5.960202433,4.20E-07,21454.48352
0.215695472,8665563.267,19.57455936,2.127395892,6.50E-07,11663.39751
0.183745169,3678477.328,96.14269903,3.844519567,5.40E-07,17528.31345
0.520241505,5964912.016,16.71690024,7.989551717,7.42E-07,50027.82011
0.800568999,2297666.943,65.21396629,1.682631388,9.48E-07,24381.73246
0.401694743,9857622.077,47.6955089,5.195931134,3.34E-07,14657.20903
0.339779676,153966.9051,4.945634444,6.327824067,1.92E-07,10228.9581
0.987742273,7714569.877,81.35324961,0.629155998,8.25E-07,442191.8502
0.707034492,4024228.638,36.12565636,9.121112091,6.06E-07,47114.45935
0.121693974,6312531.744,50.2231051,2.790787836,4.11E-07,9675.986474
0.110843333,3284484.544,32.2951637,8.105460668,2.63E-07,18008.67689
0.712026294,5724139.701,55.57832222,3.806815583,9.13E-07,30554.69388
0.998470421,1914124.192,0.975905986,5.314166231,7.08E-07,6561.269699
0.334909532,9626079.214,86.94764809,1.642294601,4.69E-07,6505.070757
0.396760697,386321.2039,65.68028872,0.510809998,4.53E-07,1962.795038
0.811362956,8097628.389,45.62893176,6.367976413,6.71E-07,41016.62619
0.525053057,4266730.209,97.25102635,2.674996634,8.90E-07,20149.59651
0.173072871,6704516.947,14.10826078,9.159012723,2.33E-07,18043.82822
0.204845256,1575919.668,87.55922661,7.442074828,9.81E-07,61581.42153
0.61852821,9326895.737,23.75219326,0.645909349,3.56E-07,1977.203666
0.841968923,2997791.201,69.12388544,9.645770864,5.75E-07,61036.26985
0.490908027,5398350.216,42.23664742,3.47637884,7.61E-07,22343.09472
0.30277422,4595243.688,10.42299535,4.920471033,5.85E-07,24305.92184
0.904876471,6994009.379,77.44962632,8.280117054,3.79E-07,61166.99854
0.681539959,682700.2275,29.09665883,2.089648142,1.73E-07,3271.068726
0.017059766,8433103.553,58.82507732,6.076143837,7.92E-07,40578.59983
0.050016832,979441.0057,21.78310915,3.028228466,4.97E-07,12701.89047
0.652016121,8734688.512,91.85839316,8.882990303,7.32E-07,55306.56096
0.934419412,4918589.282,40.26117748,0.235550202,9.38E-07,87070.72747
0.269798051,7322199.154,73.42886711,6.721968188,2.92E-07,16534.40049
0.458004374,2686472.882,80.19394154,5.590189581,2.08E-07,9840.765389
0.871469866,5091952.365,6.886858963,1.289063701,8.62E-07,12501.05545
0.58893187,1257373.259,61.56300522,7.751468038,6.42E-07,42174.50239
0.237844306,9013269.795,25.56633608,4.082074524,4.27E-07,14719.26522
0.144002952,3957869.386,52.06573521,2.364831721,7.36E-07,14693.66241
0.558502248,6400576.591,35.01420104,5.722075844,5.46E-07,26398.53492
0.777932867,65311.74827,83.43992104,4.567162985,3.27E-07,21063.8653
0.425811513,7781539.4,3.687602335,8.556063256,9.55E-07,68968.84137
0.364002332,2208402.11,49.90588407,9.999839712,8.19E-07,69119.50334
0.964967831,9925201.314,63.73781764,3.201196117,1.97E-07,56858.1754
0.745433487,3610287.82,18.39007455,7.166127696,4.03E-07,24713.06113
0.081845931,6054787.157,95.30121577,0.999216467,6.13E-07,5172.416438
0.066050899,2067212.082,71.69804135,4.357126769,2.52E-07,9253.482377
0.729733841,9470322.551,41.94518352,7.555839349,8.72E-07,56552.43016
0.949513276,3127772.551,90.37141724,1.570091867,6.66E-07,197847.9082
0.348452399,5883520.653,23.32034991,5.385822081,4.58E-07,20802.93417
0.410561998,4108836.28,30.08391636,6.75179014,4.94E-07,28163.7814
0.762664268,6865232.221,56.99554306,0.126314221,6.83E-07,3559.590888
0.542502177,538074.5866,11.6482876,8.921455794,9.02E-07,67881.55883
0.128021972,7943053.474,75.4797126,2.913073726,2.75E-07,6759.09939
0.222537138,2838372.794,1.95706006,1.196215883,8.10E-07,8172.545803
0.573720088,5555099.85,85.12421728,6.892448559,1.55E-07,9044.386906
0.855526612,1731638.878,33.52655942,3.404190508,3.74E-07,17738.82073
0.441965742,9173845.487,53.60230505,9.717440819,5.90E-07,48409.20677
0.254059837,837312.5963,99.8190788,8.663926129,7.86E-07,57483.14752
0.918662114,8281312.53,13.82290034,4.535970306,5.50E-07,29503.92431
0.636503913,4434565.868,68.49858281,5.83860131,3.44E-07,17143.38942
0.034523716,7151865.667,45.19098495,2.327739339,9.92E-07,19490.72433
0.001059266,4765273.222,82.37942224,9.270493552,4.29E-07,33560.95617
0.665558574,7477728.84,5.492722592,2.642615437,6.41E-07,14305.6704
0.889626557,1136380.163,50.86485696,6.480874396,8.47E-07,87695.99076
0.287505184,8575535.916,37.05735602,0.474896608,2.23E-07,895.5581495
0.475453073,1415647.93,15.79150464,1.840549226,3.00E-07,4658.798757
0.826418553,8852934.071,95.5194384,5.036783393,9.30E-07,59440.36384
0.60273275,2534339.763,47.1669347,4.008545238,7.10E-07,24162.88528
0.189145205,5246146.351,64.19407499,7.826755949,5.19E-07,34251.80441
0.157561069,224503.1772,37.66871103,6.109593272,6.15E-07,31714.09412
0.50956037,7624561.597,73.64098628,1.97923317,4.02E-07,6728.139106
0.795625178,3802378.533,19.03805633,8.314964589,1.83E-07,13217.69172
0.381003798,6553854.006,92.32075397,4.806504813,8.34E-07,33832.25519
0.318966715,3456055.001,60.50860988,3.752695822,9.64E-07,30512.30585
0.982432188,6206958.923,27.36535288,9.446448001,3.19E-07,59790.99838
0.696719533,2368699.002,78.98695984,0.925682306,5.25E-07,5299.72618
0.09563198,9766965.289,8.936117404,7.24141103,7.58E-07,46308.55671
0.100421971,4618634.3,61.09318348,0.392268291,4.74E-07,1567.433683
0.701448523,6902016.938,25.21857579,6.564040925,7.03E-07,39242.12083
0.9777638,736241.9627,79.96797561,2.559341745,9.09E-07,416673.3884
0.314115168,8291924.467,6.39232445,9.353086123,2.67E-07,21108.54422
0.376089124,1717834.351,40.2064076,7.909405684,2.31E-07,15416.91086
0.790527345,9272945.304,72.66606539,3.925366818,8.93E-07,36507.90077
0.514596647,3091398.617,21.19095439,5.120083304,6.74E-07,29110.39389
0.162536346,5372989.123,91.73006089,1.757939964,4.50E-07,6680.159501
0.193935784,410429.5329,18.33576809,4.723852678,7.66E-07,30512.34161
0.607462344,8005209.37,94.53889238,8.398145409,5.70E-07,40587.10796
0.821750516,4319463.637,49.31323011,1.895935659,3.52E-07,10469.75427
0.470601891,6563826.421,63.60901897,6.192200134,9.85E-07,51465.91055
0.282591337,3426897.323,82.97059848,7.324036946,7.89E-07,48759.1511
0.884529565,5669390.496,3.340308448,0.842518177,1.76E-07,1686.284614
0.670594962,2007314.566,51.83930586,9.529724093,3.81E-07,30998.09935
0.006034669,9601445.374,34.5191882,3.67010085,5.83E-07,18052.21027
0.035531797,2311121.104,97.28092178,5.468436014,2.96E-07,13642.18173
0.637695124,9910172.379,14.79733993,1.486796665,9.34E-07,11775.72086
0.91753243,3743119.496,66.34618096,7.639022626,7.28E-07,119153.8075
0.252991183,5990533.136,45.78214741,4.274481854,5.01E-07,18079.17778
0.441081868,4020474.759,1.371990257,2.830485974,4.25E-07,10146.59098
0.854703767,6269681.724,87.27052499,9.004734343,6.45E-07,72701.36974
0.57448236,79648.29559,32.54600408,0.043152399,8.64E-07,606.4751918
0.22348254,7679272.314,56.14657931,6.834423127,2.06E-07,11877.27541
0.129029942,2789985.581,29.49323633,9.800030934,9.60E-07,79340.20173
0.543693261,5076420.268,59.14842658,3.320909597,3.23E-07,9073.753234
0.761533757,1389473.212,10.67337827,6.975608018,5.42E-07,32131.4746
0.409492502,8949428.346,78.01739912,1.113585258,7.41E-07,6961.193981
0.347568174,1042468.486,69.15423834,2.245127769,6.11E-07,11577.30775
0.948690066,8603071.458,42.92621085,5.92189415,4.06E-07,66303.24031
0.730495525,4932432.203,88.22462562,4.452784666,2.00E-07,8493.425645
0.066995697,7220735.309,23.90493655,8.746573407,8.17E-07,60271.54526
0.082974292,891961.6937,47.36773003,6.638782548,4.62E-07,25874.66467
0.746500841,8138875.93,64.71224232,0.31819748,6.62E-07,3952.801445
0.963962004,4459214.031,16.23768164,8.800378733,8.68E-07,91046.47331
0.362813397,7058765.901,95.89235737,3.111521305,2.56E-07,6718.25654
0.425047681,2930720.275,51.48070415,4.165233982,2.73E-07,9579.932368
0.776985927,5530843.697,37.16048192,7.668837414,9.04E-07,61065.3009
0.559388615,1872448.583,82.45941041,1.371653816,6.85E-07,8056.627551
0.144828311,9121154.952,6.231843809,5.506908669,4.92E-07,22854.48344
0.238972317,4162753.357,79.60327045,8.472901435,5.95E-07,42503.68933
0.589998859,6723207.895,9.039721627,4.649795972,3.70E-07,14504.56954
0.87046345,563516.7528,60.58809886,5.639488092,1.51E-07,15937.00804
0.456814836,7849450.844,28.1040077,2.44811027,8.14E-07,16814.05227
0.269034106,2159066.236,19.23935085,1.082399744,9.90E-07,9040.639423
0.933472346,9446869.938,92.8393877,7.083482781,3.47E-07,88423.16397
0.652901661,3269004.065,38.11442461,3.28381005,5.52E-07,15521.3568
0.050841349,5830107.633,74.01342693,9.916544509,7.84E-07,65584.11791
0.021729476,3587629.164,11.00756597,1.725570694,2.28E-07,3313.928111
0.686392806,6143812.264,75.30286413,5.231571259,8.43E-07,38112.1485
0.900084226,2470310.67,30.07766567,3.889441499,6.37E-07,42085.66637
0.298042953,9753193.905,56.28130523,8.022296539,4.33E-07,29323.45197
0.485873311,239944.6655,90.09688444,9.075715213,5.16E-07,39607.13781
0.836995184,7521034.576,22.77729919,2.757603497,7.13E-07,21093.31593
0.623440391,3866243.803,71.27673879,6.285324279,9.32E-07,49746.62366
0.209940575,6421854.16,41.64598712,0.593990819,2.97E-07,1490.225028
0.177743408,1546414.083,68.22454323,3.559678751,8.38E-07,25179.00446
0.529906746,8790276.27,44.6484066,9.563161601,1.78E-07,14404.42114
0.806570823,2636668.85,99.39731878,0.728559083,3.98E-07,11642.076
0.392029557,5231948.092,13.52321966,7.358896408,6.19E-07,38456.67221
0.329875405,4780297.37,32.88629524,5.992870144,7.55E-07,38198.84262
0.993497286,7374928.773,53.42594086,2.172240714,5.27E-07,210017.9694
0.716938826,1200743.827,1.950316141,8.197488737,3.21E-07,22092.54003
0.115939017,8442737.597,84.40950709,5.003637563,9.61E-07,40577.0799
0.120746695,1784098.59,3.974180277,9.679106299,6.58E-07,53736.50812
0.706270283,9187209.058,83.88824388,3.521929493,4.66E-07,14769.06253
0.988566996,2864055.897,35.53767155,7.477086233,2.47E-07,63065.97428
0.340665488,5619804,52.37253048,0.688258042,8.77E-07,5093.035331
0.40276146,4391939.939,93.99936333,2.053854242,9.00E-07,15603.07078
0.801696805,7148335.879,17.29879389,6.033053436,2.77E-07,14674.62478
0.519052231,801781.4066,62.67285925,4.887877306,4.83E-07,19964.47226
0.182738965,8206760.294,48.67307732,8.235348897,6.94E-07,48255.54661
0.214748797,3199573.674,72.12225528,5.269475185,3.66E-07,16255.34911
0.612772377,5916300.731,39.17733839,1.609777985,5.99E-07,8226.60243
0.832065438,2073483.447,90.80163927,8.062445592,8.05E-07,77913.476
0.496663922,9515690.056,20.54630596,3.771097007,1.60E-07,5089.906504
0.3087754,476102.4779,25.84509099,2.717270003,3.42E-07,7852.733224
0.895210737,7920102.412,62.01570598,9.193948803,9.94E-07,128539.2478
0.675538835,4092712.061,7.415470321,0.556283541,7.75E-07,3714.634381
0.026725562,6810011.861,80.49367671,6.401234737,5.61E-07,30323.9595
0.055734446,3779133.5,43.46391732,4.611932407,8.48E-07,33011.29306
0.642150679,6491589.118,70.18941119,8.588655569,2.22E-07,16198.10217
0.928701861,169599.4351,24.83946144,2.407923536,4.41E-07,35786.52183
0.279663549,7608755.188,88.86317078,5.75786848,6.29E-07,30556.59668
0.467632158,2401796.889,58.51580811,7.123780417,7.19E-07,43210.24602
0.865506993,9839083.031,28.57681709,0.964203797,5.10E-07,12116.42325
0.579304149,3501129.728,77.00035689,9.954290324,3.05E-07,25663.00162
0.243807235,6212936.317,10.14157353,3.167859268,9.25E-07,24717.19896
0.149720864,1132553.127,86.6427568,0.202290463,1.84E-07,314.5907988
0.548637104,8532611.546,0.448241215,6.676495911,8.32E-07,46884.36973
0.772214899,4691033.729,55.12199269,2.99329112,6.27E-07,19041.55099
0.435676594,7442509.202,32.01888273,8.840718349,3.90E-07,29101.72985
0.373630175,2548014.886,15.34297225,7.787185349,5.33E-07,35016.35152
0.959005018,5298918.807,98.31179271,4.125091014,7.50E-07,289800.2662
0.735805588,1480053.639,46.71220349,5.622704783,9.69E-07,48277.67085
0.087808681,8878319.926,66.99243739,1.333756012,3.14E-07,3529.277838
0.071804873,3020766.698,93.37884672,3.436859336,6.96E-07,20188.09693
0.719828464,5460421.855,20.27620434,9.762284375,4.81E-07,39820.5244
0.943759366,1631011.891,74.94970437,1.231781949,2.62E-07,63082.27971
0.358357832,9342966.914,38.75465041,6.935311424,9.15E-07,53547.34246
0.420225902,650029.2158,8.405779763,5.803512721,8.85E-07,43343.09406
0.756661221,8361336.401,78.68550435,2.285313758,2.39E-07,6053.745789
0.532838336,4549832.675,27.08564207,8.630820017,4.45E-07,32386.95146
0.134025075,6987619.413,60.05494726,4.490649273,6.80E-07,25747.19011
0.228291172,1917763.045,36.53408444,1.524693724,5.63E-07,7245.006389
0.56381477,9668739.114,50.55825466,5.352638858,7.73E-07,34958.24869
0.849772523,3358993.273,5.208627903,4.314625864,9.79E-07,36032.04192
0.451870997,5759552.289,81.93358862,7.520675435,3.57E-07,22689.8147
0.263724039,4253391.073,65.25617015,8.964393983,1.68E-07,12719.71678
0.912659366,6652156.765,48.39687225,2.948715117,7.97E-07,72326.54302
0.626839655,321488.917,96.82070896,6.796710806,5.77E-07,33949.15459
0.040526401,8071892.243,16.88220937,0.15906016,3.87E-07,519.8988314
0.010926269,12659.08574,54.05844161,8.360284505,9.43E-07,66516.78821
0.659842498,7767906.592,33.80264146,4.839611893,2.86E-07,11794.14118
0.87975949,3932450.752,85.42661935,6.152017885,5.05E-07,59930.85975
0.293221205,6336060.624,2.482241578,2.014322876,7.24E-07,12298.04091
0.481417716,3653264.04,44.11058241,0.882818474,6.54E-07,4882.096416
0.816792577,6058743.523,67.18929736,7.20584608,4.16E-07,31295.05301
0.596768044,2243521.026,12.5887648,3.707851149,2.10E-07,6584.447487
0.198771126,9999417.563,98.75889432,9.413780141,8.60E-07,68308.39726
0.16742849,4846523.391,22.23173691,6.448129424,3.32E-07,18052.56392
0.503844711,7289230.596,89.06613421,0.429974824,9.50E-07,3476.889852
0.785757814,973362.8898,40.71581333,9.234853277,7.45E-07,62069.66801
0.38671952,8689590.542,70.63040934,2.59967628,5.38E-07,11799.71895
0.324931536,1319757.939,75.93070236,4.043710268,4.15E-07,14163.13095
0.972806389,9036557.143,11.93143571,7.869255887,6.02E-07,51872.16689
0.690754768,2702246.512,57.30577412,1.873733417,8.21E-07,13975.78638
0.105257842,5146745.85,30.604714,5.08218042,1.96E-07,8393.515216