x1,x2,x3,x4,x5
0.8417516750097276,7142.4082191661,3.4000205791257323,1.7422228778991848,8.970833275932818e-07
0.6073249534517526,2339.477378875017,8.35972038218472,10.200717041175812,3.9000528957694764e-07
0.4510429396480322,9437.92222160846,2.045484813846648,4.299445497123524,1.9053365206345914e-07
0.7198800636827947,5242.569658905268,7.085128355083056,7.83101965084672,6.9946639589034e-07
0.6710721933096648,7790.8217292279005,9.072312889254652,6.406218370031565,6.715383687056601e-07
0.35793604239821436,3584.9635070189834,4.110781655875966,5.535259355315938,3.238304685335606e-07
0.4816800639033318,6611.535830423236,5.445046781833284,11.623940353393555,5.223812887910754e-07
0.8293120665103197,1815.6774556264281,0.4072347454149276,0.5050597422104329,8.719438947737217e-07
0.7758310370892287,9332.95857347548,5.916185230134055,4.625930842459201,4.367072456516325e-07
0.5332460586726666,4573.938730172813,0.8783868827885017,7.4992401065211745,9.96897294698283e-07
0.3763743117451668,7317.476311698556,9.538580709578468,1.4106259961239993,7.723157400730997e-07
0.6545488918572665,3078.075456432998,4.577035749877804,10.527385629722849,2.1024504527449605e-07
0.736441675424576,5591.20758716017,1.5743467007884755,9.6997396487277,2.904298950452357e-07
0.4325660929828883,1359.0164929628372,6.61397528648004,2.423966247886419,5.849998062476515e-07
0.555806097611785,8740.49607757479,2.933752498057671,8.32530811891891,8.12395793851465e-07
0.8951858325302602,3971.1078703403473,7.893467144913973,3.611241313200444,5.15945236897096e-07
0.8695322408527137,8487.55409475416,1.0700008061314001,11.922297430289909,7.095806836616247e-07
0.5794759322702885,4246.024621650577,6.029715452987701,0.1618920733779669,1.558350888080895e-07
0.4221518343687058,5862.275100313127,4.6881259653465825,6.063323812866583,3.81545078381896e-07
0.7488402251154185,1101.1266391724348,9.727754551038146,5.833706367667764,9.367822198662905e-07
0.6201861545443536,7587.996486574411,6.422361400386319,3.861232734695077,8.559091003611684e-07
0.408890544846654,2820.7368971779943,1.460816440685652,8.221491716606542,5.677868858445436e-07
0.5314891421049834,9079.469252377748,7.782376966694371,2.1329706906341013,3.4151933952234684e-07
0.7794339238107205,4849.406776018441,2.7445786193488164,9.762597296172753,6.311331006698309e-07
0.7959699133038521,6319.006085395813,8.561115529849195,8.63462903579697,2.5562924314290285e-07
0.5130379260331392,2121.387609280646,3.5233034934308383,3.255620453590527,7.56288766907528e-07
0.35734604172408585,8101.4808267354965,7.2059665686069065,9.344394536092878,9.56473705312237e-07
0.6736459510028363,3296.2840730324388,2.2444353352282196,2.7333801821898667,4.544004547409713e-07
0.6953848429769278,9748.030024580657,3.909386470962316,0.9599621868971735,4.812285169493406e-07
0.47369219020009046,4954.437563195825,8.949030012198724,10.92882510876283,8.225146603770552e-07
0.5979398238658906,6849.327179603279,0.2863964946419001,5.027643433166667,6.246771346777677e-07
0.8529833088070156,2645.7348708063364,5.24609629770089,7.048666232749819,2.819772644434124e-07
0.8623976634442807,9645.273331552744,9.454905497776345,10.08983341384679,8.883377430029212e-07
0.5885937952250243,5404.224527068436,4.494637737880462,1.994363236417994,5.454157620202749e-07
0.4653970534354449,7024.387527257204,5.677512614024804,7.895770833808928,3.207174776587635e-07
0.7036113199591637,2263.719734735787,0.6385133531903848,4.001263634683564,6.61784752830863e-07
0.6829663292318583,6430.277249775827,3.016283713114448,5.787308237394318,6.88883499847725e-07
0.34795733749866486,1662.5369917601347,7.977161130301655,6.295426219142973,1.8659138102084396e-07
0.5047858299314976,7917.3568254336715,1.8143158862749114,0.20678640333004297,4.138706388883292e-07
0.8042906691879035,3686.8136804550886,6.852705415319652,11.688783012796193,9.143080519046633e-07
0.787724697366357,7410.7391415163875,1.9729831633791328,6.813872775407508,4.987204999197273e-07
0.5232668280601502,3213.7386295944452,7.011386455995032,5.076381001938135,7.885304318740964e-07
0.3994806201756001,9188.81747405976,3.17008513013646,11.165133488317952,5.889420646242797e-07
0.6295280870050193,4384.238684549928,8.130948895500042,0.9126483765617013,3.010127784218639e-07
0.7570881561934948,8656.296968460083,5.518845597664826,2.874324930924922,2.1999867381528019e-07
0.4138354437798262,3862.0865428820252,0.4798314557839185,9.014463794054464,7.754287436138837e-07
0.5701596523076297,5761.990532279015,9.301103745511734,3.113172217197716,9.738628341350704e-07
0.8789165130257608,1557.7802592888474,4.340850903911517,8.963147453954443,4.203134100884199e-07
0.8858014518767596,6050.127087160945,7.434912083449774,0.6474690073169768,6.541671654209494e-07
0.5651222857832909,1247.6769154891372,2.4746592418495568,11.295475199716165,3.5791277927346525e-07
0.44088265880942346,8350.035352632403,8.635064832358621,5.394273491315544,5.580328678246587e-07
0.7281939028948545,4155.163458548486,3.596050690477714,6.736198803251609,8.527957073412834e-07
0.6452070845663548,8883.102861233056,0.05630579107999802,7.594760962473228,9.328395466785876e-07
0.38578431151807313,4676.763970404863,5.01716955644358,4.346718192193657,3.709617801941931e-07
0.5414681807905436,7699.4226993992925,3.8367349298037587,10.435563762998209,1.7305940464138984e-07
0.7675401216745377,2903.0836559832096,8.875138222419658,1.6934463378414513,7.334456244949251e-07
0.8209913189709187,8174.690925516188,4.927939896260389,3.5663059126492587,2.5811231094412504e-07
0.4899322184175253,3416.289046406746,9.966329425305128,8.558872182928026,6.074528061784803e-07
0.36732453800737863,6154.8133278265595,1.1523821304971351,2.4703254515398294,8.330979458987712e-07
0.6617515563964844,1916.0304367542267,6.1132595476843425,9.467690462265164,4.851711774710566e-07
0.711653561666608,6749.475235119462,7.543859009170905,10.853159732334316,4.5751386042684314e-07
0.45933803468942647,2516.6661767289042,2.5048597483364867,1.2705561695154757,9.66227735998109e-07
0.6166712073981763,9903.159061446786,6.33883667526208,7.172053635362536,7.398953398223966e-07
0.8323375623673201,5133.152890019119,1.378568915366195,4.764497226076201,2.3259519105777144e-07
0.8370070273429155,8015.843030996621,6.694889635792934,8.497557374089956,5.356317596510053e-07
0.6120694383978844,3781.969655305147,1.6570679145883769,3.397094374326989,8.852040946949273e-07
0.45518981203436853,6387.074423022568,7.822393748979085,9.485776846390218,6.582230479922146e-07
0.7157340883463621,1618.1325353682041,2.860872200386599,2.596400220254436,3.105313587002456e-07
0.657628981024027,6908.6064379662275,0.795718246202916,1.1964804865699261,1.7727026189677416e-07
0.3713794257491827,2151.268876157701,5.835371472225525,10.699636314213276,6.862192166037858e-07
0.4946273056417704,9671.181274577975,4.650016005717219,4.7983633855078365,9.103856276720762e-07
0.8163639193773271,5431.334099732339,9.609706123990007,7.28527587486431,4.0331731871701773e-07
0.7629384715855122,5649.23014678061,4.18375515098963,11.40467220784165,7.990804731380195e-07
0.5461377938836813,1441.7583076283336,9.14344104148075,0.6721877907030285,5.026461270637809e-07
0.3898647234588862,8683.029422536492,0.3245729068042711,6.573528187749908,3.0368036590516564e-07
0.6410587096214295,3887.8233609721065,5.364230248861015,5.316172398328781,5.982600061688571e-07
0.7322486758977176,9283.733659423888,8.28865434296243,4.466572116296739,7.856180401518939e-07
0.43675993114709855,4482.416436076164,3.3271381396269426,7.611750075975433,2.2355707441456614e-07
0.5604950051009655,7366.162487305701,7.166035310434178,1.5231373502314092,4.2344385548494753e-07
0.8904966872185469,3170.1576113700867,2.128208206723444,10.368028288213536,9.836501154117285e-07
0.8747853802144527,7671.292177401483,9.032381929075346,5.235753105636686,3.5479569965973495e-07
0.574223089143634,2878.2147001475096,3.994554825364612,6.893797322595492,6.443673099856823e-07
0.41852199859917166,8996.729499660432,5.172585296953097,0.8052748226374388,8.426197702530771e-07
0.7524692973494531,4791.386244818568,0.21106909361761064,11.13711619312875,5.544618867337703e-07
0.6342060843855143,8395.477924495935,3.4381972892815247,9.189524196619168,3.683075774926692e-07
0.3948703104257584,4197.344464249909,8.477854631338268,2.9414884253405034,9.235090499743818e-07
0.5191271628439427,5953.812498599291,2.31985319588054,8.842921549482272,7.229089743457733e-07
0.791796674951911,1150.366690941155,7.279539086371661,3.100934518650174,1.6912122867070136e-07
0.8083539912849665,9945.580929517746,1.5362370391525328,1.971514002783224,6.113878045696765e-07
0.5006545448303223,5178.9049888029695,6.495927157425323,9.96411919094622,2.686522653326392e-07
0.34333859756588936,6652.33613550663,2.659469640135765,4.062938989335671,4.945048770867288e-07
0.6876530321687461,2420.728706754744,7.699122866158374,8.060219522621482,8.357488696929066e-07
0.6990011291205884,6130.252826027572,5.956202310412191,6.264847136959434,9.698019959963858e-07
0.4700751989334822,1888.1397042423487,0.9946807618197054,5.672251109136268,4.676865946035832e-07
0.5926656580716372,8289.691391400993,9.811108646991663,11.761023806985468,2.4239174225367605e-07
0.8582578459382058,3530.0878826528788,4.773286925787107,0.3635968986991793,7.430155970156191e-07
0.8489034476131201,6513.023171573877,0.5643299209745601,3.3329892883915453,4.006201680283993e-07
0.6020887161791325,1720.5636920407414,5.602710063226522,8.796568286437541,9.010478519834577e-07
0.4782932895421982,7834.067840129137,4.266040819467046,2.7079298552777615,7.021988205611705e-07
0.6907147125154735,3629.3425830081105,9.22692762344703,9.234465448446572,1.9989049085415899e-07
0.678272680938244,9553.746930323541,6.927422293009237,10.998555750120431,3.339808678254485e-07
0.3526502890139818,5354.995472356677,1.8884324189675972,1.1324668770749122,6.750319321174173e-07
0.508983703777194,7116.474158130586,8.20507210510783,7.033873000480234,8.750354429241268e-07
0.8000931583344937,2312.4103527516127,3.2447949584191664,4.9099844969715924,5.321037328802048e-07
0.7835826972126961,8853.299009613693,8.051282347078436,0.0336223167553544,9.871781548485159e-07
0.5274091327935457,4087.1037039905787,3.09100104710646,11.902015164932235,4.336125199217349e-07
0.40422052912414075,5564.450087957084,6.768743282414042,6.000722203422337,2.0674820295535026e-07
0.6247874061763288,1333.3232942968607,1.7297575989048928,6.122443455131724,7.621685436926781e-07
0.7441445871442557,7222.534745931625,4.41983024225384,8.10900155662559,5.756397645454853e-07
0.4267787165939808,2979.9409890547395,9.38072246598918,3.828098118789494,2.877007492817938e-07
0.5835990583896637,9377.577438950539,0.723009192313999,9.916852079154923,5.119838900864123e-07
0.8654778704792261,4617.493295110762,5.761384026558139,2.2077786317653953,8.017776111606507e-07
0.8998040217161178,9107.574729248881,2.586911072924733,7.332595536476001,1.5978304450400173e-07
0.5511188773065806,4874.319351278245,7.625285907168873,4.562060499899089,7.202114151790737e-07
0.4285033216327429,7474.412394687533,1.3062059342749417,10.65090468605049,9.46128876786679e-07
0.7405734778940678,2706.088504754007,6.267098158010282,1.4312795271910728,3.842867793049663e-07
0.6504775797575713,5816.874739713967,9.884812402921728,2.267887296043336,5.712703687138855e-07
0.38051464661955836,1058.9191801846027,4.845826719412581,9.628230934059248,8.660688772331923e-07
0.5378556987643243,8583.84330291301,6.184935653938912,3.7270306996442377,6.408388747368008e-07
0.7711523742228747,4343.378130346537,1.2246543539669363,8.356618565963581,3.4462663941085335e-07
0.8246249609440566,6806.948595680296,5.088853168407455,10.228002971503884,7.531846699304877e-07
0.486298405379057,2599.9573916196823,0.12857602171879262,1.8488641736377032,2.4592019016854465e-07
0.36206772595644,9845.14267090708,8.793613657077774,7.750363024137914,4.4423750028945503e-07
0.6670092738419772,5050.417244434357,3.754623783036135,4.139341849898919,9.529935266822576e-07
0.7240202796459199,8126.015210524201,2.402289351035841,5.5496927564311775,8.197696552146226e-07
0.44697147943079474,3324.2173520848155,7.363176155015827,6.528639441076666,4.7188503760844465e-07
0.6026464053243399,6204.049238935113,3.6781089620376006,0.4400912357028574,2.7134981183335184e-07
0.8463614673912525,2007.5637279078364,8.716489104289561,11.45107583206147,6.207259760703891e-07
0.8448456689715387,9216.936496086419,2.2789167313985526,1.339019719241187,3.140676690265536e-07
0.6060781354457141,4413.3876748383045,7.317954898999074,10.54977039039135,6.551089805085212e-07
0.4479150330275298,7435.423058457673,3.4790574115738275,4.648546058544889,8.816878599580377e-07
0.7211613284051419,3237.255249172449,8.439362588268704,7.42777222795412,5.387399627827107e-07
0.665518325790763,5716.293452307582,5.212225154808723,8.255575389415025,4.0727190109901125e-07
0.36547300353646284,1511.053211055696,0.17379791097156705,3.6346769139450044,9.076833472587167e-07
0.48726784408092505,8614.034993574023,8.992665766279213,9.723499459307641,6.822846844792366e-07
0.8217406586557627,3820.9918653592467,4.031749740319327,2.354283879557624,1.799666526261717e-07
0.7702088185399771,6977.730685845017,9.771390342367813,4.228583649974317,5.955667692702263e-07
0.5407146520912648,2218.2301906868815,4.810489197454416,7.854149421909824,3.0761151621118186e-07
0.3820304429531098,9603.970983996987,5.995844347344712,1.7655795757472517,5.053452283143997e-07
0.6470458517223597,5361.892211250961,0.9574021852118895,10.129991225032136,7.951292472425846e-07
0.7396040371060373,7946.435474790633,2.7003325747409836,11.554955492923035,9.805386064574122e-07
0.4313876260071993,3714.7250324487686,7.660623987864704,0.5292426313273609,4.269632187206298e-07
0.5526098232716322,6454.001405276358,1.4952978741051628,6.430717384396121,2.266744730528444e-07
0.8963987462222578,1687.2911155223846,6.534349693529308,5.46631561011076,7.820786266587675e-07
0.8683191978186369,6201.608738861978,4.611517183297314,9.320688190991058,5.513506595976649e-07
0.5826720605790616,1961.658550426364,9.65056900272146,2.8030263262055812,8.461394659709184e-07
0.4233304306864739,8215.85503872484,0.8341408381806688,8.70441085348837,6.474848321173339e-07
0.7456780094653368,3458.483127877116,5.794432251304388,3.2321413926035163,3.5125635899603367e-07
0.6276893323659898,9873.941842466593,7.859596039270983,5.004990563448518,1.6642826725728809e-07
0.4032345346361399,5105.102968402207,2.82115387713816,7.120189006114378,7.268404508009552e-07
0.5240204109996558,6725.889313966036,6.657611077809707,1.0315264328569174,9.262082810513675e-07
0.7850560213625432,2492.0502873137593,1.6967099328963087,10.906488006962464,3.6435643075965343e-07
0.803541442155838,8322.05456495285,7.128764109163546,6.0388728147000075,8.397031195927411e-07
0.5074502835422755,4126.152702607214,2.1678480832036584,5.9026077246200295,4.918023148551583e-07
0.3498089595884085,6025.304600596428,8.325849239292554,11.991337542887777,2.647176603786647e-07
0.6791996808350087,1224.0217262879014,3.287421995455399,0.13767117329873146,6.140840718057006e-07
0.6941034322232009,7744.98154502362,0.3629886635579169,2.1095701752137392,7.465515811927616e-07
0.47681996747851374,2949.672469869256,5.323293840252795,9.83337255783379,2.392773992847651e-07
0.5991867879033089,8925.503405742347,4.1452630520463,3.9320580002013594,4.641702807042747e-07
0.8498894441872835,4717.997217550874,9.18430121964682,8.198415768351406,9.729100693017244e-07
0.8592014016211034,7289.495054632425,6.225858168603853,11.235137766171247,1.9719098429195582e-07
0.5898067047446967,3049.064231105149,1.1862532361401243,0.8885696044284851,7.061496411450206e-07
0.4685594025999308,9308.136690407991,9.843966193197295,6.790024324692785,9.03740683570504e-07
0.7024328571558,4550.2841444686055,4.884304104930722,5.146523633440957,3.966886124107986e-07
0.6886224729567767,8786.055526696146,1.2665806222232059,3.184318275572732,5.289859289303422e-07
0.340454293191433,4017.697287723422,6.304355241842568,8.940851288754493,8.78574451105669e-07
0.4991635988652706,5633.607662282884,2.6266127271661537,2.8523529308941216,6.781430357601492e-07
0.8117592667788267,1400.24927072227,7.5881050537787385,9.085660079605878,3.304610992781818e-07
0.793312473371625,9484.71702914685,3.7178036320582035,7.965033004572615,7.656851837411522e-07
0.5156954327225686,5288.197169080377,8.679310914215632,3.9764432467892763,2.036404051352292e-07
0.3939267568290234,7183.572801761329,2.3626709114573896,10.065240086736157,4.3007661490701135e-07
0.6370650356262924,2381.671929731965,7.400430687279441,2.063761482853442,9.902926276437936e-07
0.7539602454006673,6582.31908082962,8.752774953062646,0.27719370458275083,8.057125485967844e-07
0.41511672101914887,1787.6280033960938,3.7930991757232695,11.665747599145398,5.092879046685993e-07
0.5732536504417658,7767.235204577446,5.129768140113913,5.76458899365738,2.837465722113848e-07
0.8776696825027466,3560.34701410681,0.09017693397216499,6.365874769659713,5.783424502704292e-07
0.8870484033972026,8054.822443053126,8.243547479170374,2.4923408224806187,3.882217895705253e-07
0.5620284253358842,3250.79298671335,3.203956273028627,9.396444999193772,9.434330148622394e-07
0.4396012605726719,6277.705414220691,6.8890231866380205,3.4951961679197847,7.162575705908238e-07
0.7313216760009528,2079.056969843805,1.9293474092986436,8.581114971982315,1.624860120471567e-07
0.637669989913702,6878.407505340874,4.22886257351935,7.195854337876662,3.4814335862174627e-07
0.3913380455225706,2673.6478991806507,9.2666223493414,4.6943965361639854,6.377312067430465e-07
0.5490397221595049,9771.752637811005,0.6015843973644078,10.783100649015978,8.625332983676344e-07
0.7619524750113488,4979.190144687891,5.563091679521837,1.2946726846136154,5.743851169943809e-07
0.8135225920379163,5890.392445959151,0.7602663320200518,5.41703083534725,9.498755992390214e-07
0.4955543034523726,1130.2739530801773,5.721758658632637,6.665695089939981,4.4777643564157186e-07
0.37482771165668965,8512.239553965628,4.382649444737472,0.5771040049847216,2.4903101199306547e-07
0.6560955587029458,4269.542783498764,9.420424064356833,11.318462507836522,7.49664568901062e-07
0.7128321621567011,9033.7737146765,6.730342183211819,10.460103356633335,6.18026339681819e-07
0.45617580652236944,4802.681270055473,1.7706800949452446,1.6240847623813899,2.753005532547831e-07
0.6154581601917744,7545.732835307717,8.089759751221164,7.525449256859719,4.7457759371027345e-07
0.8355337031930685,2779.6405432745814,3.0501548187574374,4.371582308327779,8.158377734478562e-07
0.8313849297910929,5517.791804857552,7.742758620238864,6.643949558865279,6.955221362877636e-07
0.619538169503212,1287.8323085606098,2.781832909492776,5.293151590535417,1.93239770270884e-07
0.46084582224488263,8811.997902579606,6.462056014533156,11.38197266191244,3.9394365949556227e-07
0.708230910524726,4044.7726286947727,1.4236384554821997,0.7426565750222653,8.943972596433014e-07
0.6607911966741086,9406.657664105296,4.729040843930096,1.5924141268525274,8.684114475734531e-07
0.37020082943141464,4645.406222902238,9.689355705411174,10.343221970181911,5.255057043861597e-07
0.49143117733299735,7246.257795020938,1.0291621579900383,4.441999022988602,3.2735705138184127e-07
0.8175769624114038,3004.694006405771,6.068190640804358,7.68116802021861,6.68434028699994e-07
0.7660323362052441,7862.185085192323,0.24555052703712138,9.556920269457624,2.1334623144939542e-07
0.5448908298462629,3658.489796333015,5.284573590096087,2.5741008837521075,7.687925390433519e-07
0.38673694618046284,6537.709066644311,3.950308780756779,8.47557711080648,9.937760582659392e-07
0.6423401203751564,1744.0822897478938,8.910628950245679,3.468281860630959,4.402363363653421e-07
0.7266949460655452,7070.778721012175,7.245667980728672,4.868364492058753,5.186346106696873e-07
0.44429701328277593,2265.684947371483,2.207254574961029,7.261194467423484,8.084542954340577e-07
0.5660826475918294,9511.482843197882,8.521490422667936,1.1726232366077602,5.822903568856417e-07
0.8829251583665609,5313.898682594299,3.5605605213893576,10.769770682463422,2.9437725781463084e-07
0.88235678806901,9817.161849699914,5.407866040190682,4.0874757689982655,9.394717234652488e-07
0.5686353089660406,5021.406454965472,0.4469361389121041,7.990854954523965,3.776036591269076e-07
0.41098503746092324,6782.12661202997,9.10956993583776,1.902193855252117,1.531259149312973e-07
0.7580231648683549,2576.302705332637,4.07115653007012,9.988974686497823,7.135283725801854e-07
0.632924819663167,6249.608252197504,2.0839621621156112,11.783778158379718,6.342344103381037e-07
0.39799821704626087,2054.1527094319463,7.044282331604511,0.29309037141501904,3.3799621132202446e-07
0.5203739808499813,8168.4153862297535,3.3616195730464535,6.194473514044657,5.646659312304109e-07
0.7887026809901,3365.4502304270864,8.400642636105419,5.695229975339025,8.594385235570371e-07
0.807141077592969,7521.206766366959,2.895353596556932,0.8290897736791522,4.508679283782839e-07
0.503850819170475,2751.715579070151,7.934382079371252,11.067029930409044,9.595979910809547e-07
0.3445170645415783,9148.739412426949,1.6128218327313661,5.165713898791,7.59815023606643e-07
0.6844906704872847,4916.514002718031,6.573136694212445,6.917933892831206,2.5252462765201927e-07
0.7065041692554952,8554.62698917836,9.57583498109784,8.86495134761557,2.7803293201141054e-07
0.46441906772553926,4315.329113975167,4.537417422046886,3.0297033041063695,6.273831293918192e-07
0.585197064653039,5793.288114480674,5.8790072263060145,9.118434507027269,8.264526978135109e-07
0.8638800644874574,1034.3025866895914,0.9180815155599267,2.963751090867445,4.785421671811491e-07
0.8544910942763091,8729.824397712946,3.876376761865802,5.93171701981686,6.649055839516223e-07
0.5945171748101712,3933.451038785279,8.837859701685607,6.146606557108462,3.1718798163346945e-07
0.4727395555377007,5690.3943605721,0.016587728575803342,0.058106814594939354,5.423141705337911e-07
0.6982518071681262,1483.952489681542,5.054371734987945,11.833057439196855,8.918605387210845e-07
0.6751449078321458,7336.945704184473,8.594125872181728,9.845970444865525,9.170170959550887e-07
0.35393168725073343,3142.1081256121397,3.634473170707934,2.230888079693541,4.0992287080734965e-07
0.5120775642246008,9260.147637687624,7.475774775935338,8.132344273943454,1.8390160193666815e-07
0.7988462068140507,4457.800446078181,2.43616045667883,3.757357786120847,6.928245929535478e-07
0.7803865563869476,6359.09407120198,6.379696741680616,2.638206014353782,2.970748138148337e-07
0.5286221799999475,1589.1222152858973,1.3400770771671087,9.257909401776269,5.916285378858447e-07
0.40738275729119783,7991.020443849266,7.502922637811863,3.356752180941403,7.924750967882572e-07
0.6236088056862354,3758.3143655210733,2.543275318844244,8.726888464083896,4.960147870238869e-07
0.7498005848377944,9716.739684343338,1.1126660235747694,6.962275076182559,4.167872325517237e-07
0.41927554294466973,5477.922477759421,6.15045425776858,4.932378146219999,9.769675794523208e-07
0.5779769733548165,6951.007083058357,4.96757966099307,11.021173512181267,7.789615961257369e-07
0.8729465974122286,2192.5022238865495,9.92905848477874,1.0610020804777742,2.1687466353178024e-07
0.8923354241251946,6680.45505695045,1.851510540485382,7.726971218632534,8.492698559537528e-07
0.5567411083728075,2449.877596460283,6.812989364271053,4.2101256428100164,5.611378886271267e-07
0.4360063659399748,9970.265282317996,2.979012716714293,10.29883114031516,3.6144571094773706e-07
0.7349173341691495,5202.422044239938,8.016800950908102,1.825790950022638,6.510432849638164e-07
0.651656042560935,8243.994412012398,5.639020757201128,0.415648768786341,7.29507992370054e-07
0.3773522974550724,3483.3609350025654,0.6793734382335097,11.519985898928716,1.7574615972116587e-07
0.5366427892446518,6087.9904152825475,9.493321049659514,5.618735593669117,3.7490651793777943e-07
0.7743486360460521,1847.0445908606052,4.453701385146007,6.504421444302425,9.301339572761207e-07
0.8258717914670706,8950.072758831084,9.339526244366542,10.628231671862304,4.878799460362642e-07
0.48320440724492075,4745.896801352501,4.2999119251100355,1.5027823347505183,8.291498516686259e-07
0.36078644871711735,7629.989393986762,5.4803468311186885,7.404145444575697,6.047628972679376e-07
0.6701371846348048,2835.8819484710693,0.5206941296448931,4.539709238903597,2.62053324887529e-07
0.7164833310246468,5982.891047373414,3.1328066652761772,3.703304388737306,2.357157403603196e-07
0.45252534277737144,1178.277942351997,8.170590671688318,8.42624456550926,7.363655113149434e-07
0.6102178006619216,8419.202515855432,2.0101853977972644,2.337654954539612,9.631260210182516e-07
0.8407736913859845,4222.099023871124,6.9716683376170705,9.60473753521219,4.61036583315581e-07
0.8387550250440836,8451.75872463733,8.857459474004806,3.796725418185815,1.83090366050601e-07
0.6099807745218278,4211.362216621637,3.8959145515533167,8.144932356737554,6.837271733675152e-07
0.45290341749787333,5966.194120235741,5.073944985892624,2.2435478517878797,9.095668658148496e-07
0.7183610155433418,1208.3072252571583,0.03614667579624802,9.885272194240242,4.074644518084824e-07
0.6681867264211179,7623.783273622394,3.6540085764480756,11.845759510211646,5.41452679177746e-07
0.3606175994127989,2855.390719138086,8.613723260553554,0.09736045843921601,8.827096211723982e-07
0.48351420708000664,8975.575981661677,2.455721787846647,6.186023009363562,6.57401849515736e-07
0.827681232392788,4742.25193914026,7.495350410787389,5.944262089030817,3.1467930083163083e-07
0.7739747409522534,6072.307983413339,1.35963155448623,1.071831430438906,7.831320480909198e-07
0.5347607248276472,1875.753807835281,6.399275058473461,11.052060322361067,2.29357251804322e-07
0.37936685092747213,8275.677913799882,2.5628175784330813,4.963330481760203,4.2759669143706556e-07
0.6518975153565407,3473.811390809715,7.522517344242894,6.973033094173297,9.828111544717103e-07
0.7346119163185358,9994.719543494284,6.170034958508798,8.757888547824695,7.965920444577932e-07
0.4341927433013916,5200.062781572342,1.1322228848412632,3.3674682573415335,5.084471134934575e-07
0.5586871178448201,6675.155841745436,9.948650807262398,9.26878283730708,3.0783401723019776e-07
0.8925083883851768,2468.2333022356033,4.987119536634535,2.6690429323539138,5.974186149425803e-07
0.872226616293192,6967.103815637529,6.832584368695506,6.494349499614909,3.6413556998595593e-07
0.5765776469558478,2163.1086748093367,1.8710530980676412,5.588560807872564,9.243548204656689e-07
0.4205423656851054,9685.745141468942,8.036378969707526,11.48978516205214,7.253760386724025e-07
0.7506530028581619,5487.062348052859,2.9985668960399927,0.4055969685688615,1.633280223235488e-07
0.6228206164389849,7966.151881963015,0.6989136118683964,1.795548628885299,3.5062125870026645e-07
0.40591525405645373,3761.357960291207,5.658613377678209,10.288826730968431,6.452138863503931e-07
0.5299572776257993,6363.704327493906,4.4732579484190795,4.200004163272679,8.450876467861235e-07
0.7813072180002929,1571.1761834099889,9.51290145240631,7.696840161075816,5.48666253266856e-07
0.797583749368787,9228.001102805138,4.319471170323902,9.56465823609382,9.70615572715178e-07
0.5112209811806679,4467.84829441458,9.359099793264642,2.32430910914205,4.635602511465549e-07
0.3546472363173962,7354.326963424683,0.540231621338986,8.412878932971507,2.3656628513708707e-07
0.6765483324974776,3111.6645419970155,5.499946305444465,3.6632506833691147,7.455281923990695e-07
0.6969208724796773,5696.1908070370555,8.190166604533792,4.526295143505558,6.12202193494886e-07
0.4718145307153464,1465.1326779276133,3.152368294437416,7.364134395457804,2.645234947558492e-07
0.5953012678772212,8703.636842779815,6.991265427995474,1.4626596647221595,4.886769865173846e-07
0.8559630274772645,3937.5102017074823,2.0297205055439846,10.61493500398472,8.382622709497808e-07
0.864048756286502,5804.509211331606,2.8013540115486832,7.647697938587516,3.3148859343491493e-07
0.5871473465859891,1000.9947391226888,7.762217739663088,4.435216656858102,6.808517671190202e-07
0.46260971754789354,8527.546409517527,1.4431378040183336,10.336465465798973,8.791819965466855e-07
0.706194478943944,4329.344284720719,6.481541059385054,1.5589238114189357,5.312844295520334e-07
0.6847278708219529,9128.746486268938,9.70881720878277,0.735943173551932,3.981254570186138e-07
0.3465358904749155,4923.471895977855,4.748564329933376,11.348433615621179,9.068684960249811e-07
0.501973027214408,7521.903059445322,6.087673301708885,5.259729525102302,7.063461895566432e-07
0.8067629100382329,2728.8942467421293,1.0486591225787996,6.637124804481864,1.9906875723972916e-07
0.7905163943767548,8140.044781379402,5.304054165046662,10.753135258508847,5.814402110874652e-07
0.5206795082241298,3380.509937182069,0.26505494146142156,1.1358392333239318,2.852149883750826e-07
0.39782509528100496,6261.977988295257,8.930092539571225,7.224430340612307,5.111454706173389e-07
0.6309786339104175,2019.9335310608149,3.96982481692452,4.85170356368646,8.059310265816748e-07
0.7599051218479873,6784.147128462791,2.2267566054379566,3.4315675366669893,9.9297941676341e-07
0.41135883972048765,2552.4710351601243,7.2651461717318755,8.458872007532046,4.311243287287652e-07
0.5683940103650094,9795.98581790924,3.580078941504471,2.5575074907206,2.059073468670249e-07
0.8803423941880466,5029.241212643683,8.540956395940855,9.520088607305661,7.663227681536227e-07
0.8843928191065789,9539.164824411273,0.4664524730732665,5.711113353967667,5.721165730152278e-07
0.5668710131198168,5299.248985014856,5.427329927509652,6.230551567552611,8.618973415344953e-07
0.44337626092135907,7057.995019480586,4.090660646500997,0.3290968249551952,6.350460452027618e-07
0.7253597389161588,2300.5887931212783,9.129050212794915,11.799727509031072,3.47094042552635e-07
0.6437392725795508,6536.37717384845,7.063748602870852,10.024937322465703,1.606300610117614e-07
0.38745676770806314,1767.5039507448673,2.103480880224146,1.9181926514208316,7.160374523606151e-07
0.5440385192632675,7883.775082416832,8.4201205291152,8.006691031614318,9.403336137998847e-07
0.7647656062990428,3649.97037127614,3.3811213055299594,4.123595496099442,3.867549883201718e-07
0.8185018964856864,7234.352030791342,7.953867422216573,2.9979274796042588,8.156428399495779e-07
0.49276200249791147,3038.4158194065094,2.9148532430864873,9.12596856115386,4.726981805171817e-07
0.36872905373573306,9433.32823459059,6.592595515643247,3.0371717435400933,2.7386206840164955e-07
0.6600072798877955,4632.079675793648,1.6323426367938518,8.899198978990317,6.149001421406865e-07
0.7090876010060311,8832.67549611628,4.556914684629068,6.925353244077415,7.49055421212688e-07
0.46210837252438075,4037.4007700011134,9.595317939995788,5.200004990408197,2.467341389507055e-07
0.6181345706433059,5517.505520954728,0.9376047035697848,11.101163573563099,4.467505690641701e-07
0.8306692211329938,1309.9650172516704,5.898468431684189,0.8366722013335676,9.471652656327932e-07
0.8352966186404229,7567.40624923259,1.2057168254656716,9.05482012430206,6.707041511777788e-07
0.6134394855052233,2770.998541265726,6.245374204771594,2.841476815389469,3.279913283884525e-07
0.45805348269641405,9032.491442747414,4.903784679881298,8.930137892328203,5.281892874278127e-07
0.7132101784646512,4826.083887368441,9.863470607621595,3.1533212291356176,8.694624434690921e-07
0.6559267511218787,8499.338103458285,6.323873661957682,5.135762935476378,8.962515435181558e-07
0.3728772784769535,4304.534873925149,1.2860465954961255,6.759068951848894,3.941653435584157e-07
0.49736376941204075,5918.059138581157,7.607607084255666,0.8576858315523714,1.9634083849377928e-07
0.8138324335962535,1115.6776314601302,2.646090918169357,11.224311096183955,6.969873717054724e-07
0.7600703688710928,9771.348604932427,8.698810262751765,6.353332737749442,2.945706254802644e-07
0.5486658020317555,5001.4110980555415,3.7372886769101026,5.725175221376121,5.841714372392743e-07
0.3915794932842255,6899.069810286164,7.419951789335348,11.62649127532728,8.09894346119836e-07
0.6396845016628505,2666.3294164463878,2.3821300308816133,0.26448859626427296,5.217591410502791e-07
0.7295081117749215,6304.459401406348,3.8125818366277966,2.0244624134525653,4.4084716388024385e-07
0.4392958510667086,2065.6078457832336,8.772271917651407,10.052583351945504,9.960713528096675e-07
0.5622013979405165,8042.966299690306,0.10963843734376133,3.9638521266914903,7.698167257942258e-07
0.888994471281767,3284.4957560300827,5.149291626117193,7.925662692533806,2.1605814355425535e-07
0.8762704145163298,7768.0535381659865,3.2234150944594293,1.307972389794886,8.584159390535204e-07
0.5725336776673794,3537.4417286366224,8.26306828323286,10.823225999018177,5.619523915462195e-07
0.41596914738416674,6562.345734797418,1.9488327521439641,4.734404905308038,3.373837562277913e-07
0.7552271265536548,1794.5368122309446,6.908522833167576,7.209265395971015,6.319407180417328e-07
0.6355974906682968,7156.404513865709,9.286145537351258,8.621171357324346,7.120867069810628e-07
0.39313854254782205,2395.8053858950734,4.248323778897524,3.5085648377612233,1.5000302479602397e-07
0.5166160693019629,9495.884213596582,5.58258894210402,9.409787807287648,3.774119317065924e-07
0.7946475292742253,5254.904073663056,0.6210673562623561,2.5324174416251477,9.375890281982719e-07
0.8109027254581452,5612.343922257423,5.7412627750635155,4.401710328580812,4.7543948404490943e-07
0.4979011664539576,1408.2023138180375,0.779746608977206,7.535568056423217,8.249891026411205e-07
0.34185774289071563,8788.022130727768,9.439940398517995,1.63409185170196,6.255304857622832e-07
0.6893380637466908,3993.8803697004914,4.402113332056441,10.49034871507436,2.7780963303521276e-07
0.7015077739208937,9320.628467015922,1.7901579879550262,11.32851162808016,2.498426468577236e-07
0.4672284595668316,4515.981012955308,6.749843915695325,0.6073017045576126,7.587624001316726e-07
0.5912786296010017,7261.144029907882,3.0696210900237784,6.695872913040221,9.573262410238384e-07
0.8599854362756014,3064.0748534351587,8.1092784693297,5.427105460008606,4.502352536190301e-07
0.8518397845327854,8930.098909884691,7.337497158587911,2.3911125044059007,6.930438878946007e-07
0.5993554880470038,4700.105098076165,2.298511437829584,9.740090172365308,1.8575672968290746e-07
0.4765102855116129,7719.994697719812,8.458917065587826,3.6513846971932797,4.113888487685471e-07
0.6922941404581071,2952.8037728741765,3.498635728366673,8.292292750682682,9.201156737282871e-07
0.6812184650450945,5994.359142147005,0.19339023345522582,7.444430476352572,8.924973188433796e-07
0.35004613488912584,1233.1420164555311,5.231765030450188,4.685307148052379,5.445835378021001e-07
0.5070720909535885,8338.235250674188,4.051330441059545,10.586557430978864,3.1823812099173665e-07
0.8016636084765196,4096.637113019824,9.012222627545707,1.355657823169604,6.675915687810629e-07
0.7853615904599429,6699.750843457878,4.8300624483590955,5.473143401797861,2.1917073861695826e-07
0.5258341494202614,2496.089870110154,9.790949289588257,6.464142129803077,7.795699458569287e-07
0.4012883739173413,9879.822242073715,0.9770019575310872,0.5627789976447821,9.796771151013672e-07
0.6275162523239852,5086.161116138101,6.015382137032226,11.561665857089684,4.178123011719435e-07
0.7460517533123494,8233.221545815468,7.680185319032521,10.163484220439567,4.978949981741607e-07
0.425212379321456,3428.0934566631913,2.719908209593035,1.7723391174338758,7.926708282437175e-07
0.580657658353448,6169.343918561935,6.553885099269451,7.8609287507366385,5.947555333841591e-07
0.8680778408050538,1971.7941069975495,1.514895262476988,4.26205105163157,2.9851409662514925e-07
0.8971870533376933,6479.451252147555,9.67010649441555,10.898908616611735,9.270053215324878e-07
0.5540774756669998,1683.6615419015288,4.631116657623091,0.9973954696767032,3.734688500408083e-07
0.4300524105131627,7940.141109749675,5.813991496518255,7.085895234523341,1.738675634842366e-07
0.7386832263320685,3734.351552091539,0.8537143870787696,4.997568174898625,7.293106206692754e-07
0.6477657149732113,9587.29310054332,2.840750967516564,3.1978964412026105,6.483353768941015e-07
0.38342962019145493,5391.871873289347,7.879131147017703,8.696945451358333,3.6041904008015987e-07
0.5394479472190142,7010.409471578896,1.7162858657417819,2.7954892347753044,5.588402112945914e-07
0.769356549680233,2207.409966737032,6.6771727069709454,9.286509122280403,8.486631338018922e-07
0.8230714420974256,8608.754822053015,2.1874261020030827,8.162293003946543,4.5998807153664526e-07
0.4881927531212569,3839.2979502677917,7.1483182884892456,3.916219243137166,9.604384339414535e-07
0.36468906171619897,5740.870290435851,3.307016999879852,9.817376441638917,7.35727128945291e-07
0.6640465083718301,1508.6105316877365,8.345391796874814,2.073610576549545,2.33448000671342e-07
0.7224239370971919,7467.05318428576,5.342850403525867,0.12171914267353713,2.605857066810131e-07
0.4487717318534851,3227.7209935709834,0.3825690663047135,11.955328052043916,6.016659344080835e-07
0.6053624351322651,9201.16581954062,9.203841393281706,5.866532708415762,8.289321716409176e-07
0.8434421285241842,4442.214640788734,4.16485567252338,6.022992116045207,4.860231780447065e-07
0.8465985352545977,6237.223428674042,5.622309537552297,4.89369161834009,8.725766217801719e-07
0.6046650967001915,1996.2089397013187,0.5838674126686528,6.996746541205794,5.246530879288911e-07
0.4450938199460507,8112.13352996856,9.246501172345132,1.0953148240502923,3.2488303976133465e-07
0.7236422466486694,3351.4313884079456,4.285600064680912,10.982282658629119,6.742203004192561e-07
0.6671780981123447,9838.318569585681,1.9079675267143175,9.197270024511964,6.996897439472376e-07
0.3640181424468756,5070.543996058404,6.947019383387641,2.691705941306427,1.9238634794019162e-07
0.48448892273008826,6829.636571928859,3.264356587580405,8.780226944945753,3.9146883566863834e-07
0.8243151360750198,2599.127775989473,8.224648037953303,3.295905485367402,9.001859584823251e-07
0.7730344636738301,8568.64152289927,3.1105552264321594,2.174650648795068,5.178278799168765e-07
0.5382296355813743,4371.6066954657435,8.07086036587786,9.909727525031194,8.125874721910804e-07
0.38027321554720406,5851.236158981919,1.749300156487152,3.8209534201957283,5.881227486301212e-07
0.6484630513191223,1046.6917185112834,6.788338286838495,8.075899524735286,2.91871609725058e-07
0.7423870588093997,7498.386004008353,9.400302868735977,6.115249221688137,2.1253868849016725e-07
0.4288087144494057,2704.2098939418793,4.439386805526913,5.967663899771869,7.729281429201364e-07
0.5509458880126477,9099.597596563399,5.780976647035219,11.868845597701148,9.99610883463174e-07
0.897857970520854,4895.352974534035,0.7425493659488858,0.026545153502374887,4.377298824023455e-07
0.8668771551549435,9392.094886861742,7.644880613599905,8.390498147597537,6.284211394842713e-07
0.5843190144747497,4589.679030701518,2.606453332513571,3.7348614715412256,3.4049510052427647e-07
0.4259262735396624,7187.763652764261,6.286676474803128,9.63613303792663,5.65491640381515e-07
0.7428777226805687,2992.8574096411467,1.325760411594063,2.301701352316886,8.552983250934629e-07
0.6262549344450237,5541.160810738802,4.865366595054046,1.4392257166281344,9.336576372385025e-07
0.40500876009464265,1334.7876043990254,9.904404725405387,10.684668850144371,3.8010497861541806e-07
0.526488512903452,8861.685816198587,1.2442112152334301,4.59598782973364,1.5395406070165336e-07
0.7822476246207953,4065.3811218217015,6.20451635467913,7.3403843667823825,7.093873650766909e-07
0.8009497163444759,7082.611009478569,0.1481349689392373,11.46666285024956,2.805120781064033e-07
0.5102461194992066,2324.1748148575425,5.108426419312135,0.4764657389838249,6.215761187020689e-07
0.35124682262539864,9567.21431016922,3.7741615727236497,6.565079827047884,8.222929272335022e-07
0.6775571068376303,5328.465768136084,8.813213429396972,5.5652080853190276,4.793741808272898e-07
0.6916397790610791,7841.580900363624,7.3827517898678785,4.175831056060269,4.5334951109252865e-07
0.4796242492645979,3608.8061574846506,2.421850682203658,7.765835339445621,9.537901713512837e-07
0.6006168080121279,6490.749496035278,8.736086492661387,1.864493490746245,7.556544376537204e-07
0.8481193962693214,1720.7089755684137,3.6976443677777424,10.26432936925441,2.533590715844184e-07
0.8563075222820045,8300.294507294893,1.6765887186508626,7.295671560391783,9.161647676490246e-07
0.5924969412386418,3497.3980160430074,6.714348457223736,4.829683770788833,4.1408826983533796e-07
0.4703848642110825,6100.356999784708,2.880371846916154,10.73088545685634,1.8968839612789452e-07
0.7008104375749826,1904.9701215699315,7.8418790918244055,1.2069417867902668,6.903511671349406e-07
0.6856342312693596,6632.96119030565,5.8548326776037,2.6276066173147408,6.640524434391409e-07
0.3431014389544726,2427.068619057536,0.8152414342127741,9.496286520138383,3.2135580778121944e-07
0.5010327541083097,9949.09246917814,9.629189082887954,3.4074409716669467,5.481033981777727e-07
0.8102318082749844,5153.268409892917,4.669513268299402,8.528921219613403,8.893863070290535e-07
0.7914911225438119,5924.96124189347,9.162921318437904,10.406961987847462,4.209201844874769e-07
0.5173134077340364,1165.9070495516062,4.203259267420509,1.5361594547890127,9.761605605483053e-07
0.3968164544552565,8405.16974311322,5.383694136179984,7.624706208510324,7.764553622342645e-07
0.6343791811168195,4165.803203359246,0.3440892409654334,4.5055774158984425,2.227065328042954e-07
0.7520955368131399,8999.230667948723,3.346639872110449,5.329081229325384,3.012101992033422e-07
0.41664006665349007,4767.073922790587,8.308132235972211,6.612575160944834,5.908207131084054e-07
0.576237508058548,7652.794063091278,2.147726924831979,0.7110776727646589,7.899680506903678e-07
0.8750267205387354,2883.3715403452516,7.185501581700519,11.417743757916615,5.018490834161639e-07
0.8897083634138108,7395.42375318706,4.014070861532353,3.0612431457452476,7.320063907653093e-07
0.5590273693948985,3153.9286291226745,9.051845518400892,8.829187867203727,1.6993246139027177e-07
0.4380951633304358,9274.726508185267,0.23057350804191085,2.927780247479677,3.7076599965803324e-07
0.7331694699823856,4513.543731532991,5.192065871903673,9.149812947241589,9.309592832811176e-07
0.6403388630598784,8680.118245072663,8.497320604611188,11.123450046190992,8.517706909682601e-07
0.38846552953124047,3912.8243066370487,3.457715709396638,0.7655159143917263,5.553233812563121e-07
0.5474044820666314,5667.043593712151,7.2990172773748645,6.854155752537772,3.573043772950768e-07
0.7637907571345568,1437.0154328644276,2.3393552263574673,5.221975248456001,6.518710412550716e-07
0.8150331192463638,9660.99212411791,6.515412202277221,0.35391314822249115,2.2990915714763105e-07
0.4937024132907391,5463.339298963547,1.5557363876886665,11.730460737645625,7.388451482169329e-07
0.3721633842587471,6939.190887846053,7.718581985582598,5.641708273598924,9.639584178104996e-07
0.6591007817536594,2134.028449654579,2.6789907421916723,6.255137524735183,4.5687713255174453e-07
0.7144714963436127,6406.035402789712,1.0141777264084666,8.029724703282119,4.820725474506616e-07
0.45433309651911263,1612.477290444076,5.975684971316718,4.053186988858506,8.316319188568739e-07
0.6127851220220328,8011.6428676992655,4.792810411790386,9.954478543382137,6.055977306794375e-07
0.8384105844795704,3808.016243390739,9.83057015036326,1.940902202585712,2.578930650837719e-07
0.8343562120199204,9920.918595977128,4.51410162519943,11.695862856023014,4.047582164406776e-07
0.6169082502275706,5128.424767404795,9.474421831937507,0.239959007864818,9.135110082570463e-07
0.4589599766582251,6746.4763494208455,0.6579936301475391,6.328481485489756,6.864133331459015e-07
0.7097758604586125,2541.7854078114033,5.697016730455682,5.794499790864065,1.7915208796039223e-07
0.6637020312994719,6145.825756713748,7.9966798484101895,4.034368703877553,3.1155479974113403e-07
0.3674933706223965,1947.1086477860808,3.0357499843807894,7.902918212376535,6.609342112205922e-07
0.48962240189313894,8204.074231907725,6.8722071478031586,2.0014851105678826,8.858140720054507e-07
0.819181894734502,3399.9761110171676,1.8337937792846932,10.122958359513431,5.379262071568518e-07
0.7679140000790359,7695.242116227746,7.030886102524587,9.000228577004746,9.863344726618378e-07
0.5433502618968488,2929.081159643829,1.9924685062244534,3.1295105213858188,4.244956224225461e-07
0.3837697747349739,8902.185881510377,8.150469699562526,9.030690745329485,2.2582806926220655e-07
0.6449655950814486,4671.024772338569,3.1895439515672623,2.9115230348333716,7.862531926948576e-07
0.7284993374347688,8380.56589011103,0.49931441468186677,0.928918430749327,6.013601988554001e-07
0.44269626475870616,4137.937784194946,5.538342860247009,11.202282861368731,3.051447289530188e-07
0.5631762596219778,6039.8502284660935,4.3603121092896915,5.113510141186416,5.044996398966759e-07
0.8856285043060781,1279.8004001379013,9.320626933521591,6.830168691342696,7.993013829924165e-07
0.879636510834098,5765.486783348024,2.4941183612737805,1.6571172601170838,1.6726933075115085e-07
0.5715589620172978,1532.197056338191,7.454433185505682,10.419931408585981,7.226864242460577e-07
0.4125686043500901,8636.80427428335,3.615535735329613,4.331248914189636,9.204072170425206e-07
0.7562357548624278,3868.5146998614073,8.654564180894754,7.5582744362857195,3.668448293581605e-07
0.6303162595629692,9158.971268683672,5.03669304244686,6.720680437060073,5.521892896387725e-07
0.4009481400996447,4401.050058193505,0.07576729445159436,5.3578304253704845,8.419862452894448e-07
0.5219317471235991,7421.425674110651,8.894635187008419,11.259103376409039,6.416845803149043e-07
0.7868040190637112,3180.9261860325933,3.856217590708286,0.6318850264325738,3.53742330474779e-07
0.8055531433224679,7898.908331990242,9.985833839729429,4.75671107574366,7.424040174577384e-07
0.5056423962861301,3691.951476968825,4.947420471210965,7.138129342831671,2.400989223271608e-07
0.34724177174270154,6432.861834764481,6.132775583852083,1.2367889681179076,4.6666478114202615e-07
0.681562921255827,1638.1020927801728,1.1718457198226824,10.845210862923414,9.670892305206507e-07
0.7049422379583121,7034.0640572831035,2.52433793933969,9.4338794432953,8.355563680641352e-07
0.46632209494709975,2232.2318498045206,7.563361039647833,2.462426027646288,4.926214107777924e-07
0.5878097188472748,9616.30432587117,1.3980348886391147,8.551038731057197,2.6720972736366093e-07
0.8609257135540247,5419.853130355477,6.358355095377193,3.5324232937116173,6.082640388980508e-07
0.8528146336972715,6857.836563140154,8.379262939766981,0.49199087210930886,5.348140174057334e-07
0.59598952524364,2623.928871937096,3.419615583550185,11.58505350863561,8.760612572543322e-07
0.47550152368843557,9724.759791046381,7.104682534408757,5.496209344817325,6.77328854240477e-07
0.6956945499777795,4955.852252431214,2.065062832646072,6.393306859061122,3.345900677610189e-07
0.6734087339788676,8066.621488891542,4.130374276353047,7.792017388548702,2.030166361480951e-07
0.35532723248004916,3309.3182425945997,9.09185306288954,4.286492044562474,7.036372563336043e-07
0.5149157346785069,6333.4701573476195,0.4268151481617242,10.187692256644368,9.02927317423746e-07
0.7963480641692877,2093.5886334627867,5.464603345106356,1.7032861409615725,4.0081515060737725e-07
0.7776202271133662,9057.107332162559,0.8979604316866026,3.5798747877031563,8.032444614917039e-07
0.5311835980415345,4849.669808521867,5.935744475347922,8.314958484275266,5.150833433959633e-07
0.40906364992260935,7595.456170849502,4.596635224203579,2.4134596114419398,2.879208184313029e-07
0.6221323569864035,2800.2157602459192,9.558118201272562,9.668535931641236,5.774956633336842e-07
0.7469582514464856,5875.865057110786,6.633536915641279,10.516921292198822,7.632179120089859e-07
0.42177804879844194,1074.5135182514787,1.593922633633949,1.3793741735070943,2.094334135763347e-07
0.5797172475606204,8453.709989786148,7.913002252660693,7.467922401214018,4.342484245076775e-07
0.8715466180443765,4257.739462889731,2.9533495884360748,4.615538194235414,9.894466497469693e-07
0.8937181551009417,8763.268006965518,6.049253242675215,9.793206416396425,3.439891072455793e-07
0.5550177487730981,3970.1562141999602,1.0896005784505978,2.1426083008944987,6.385719820857048e-07
0.4334868620336056,5584.432570263743,9.74731349825859,8.231246754387394,8.65021111164242e-07
0.7377768658846617,1379.1236644610763,4.707699216251262,3.8917302340082824,5.685835305135696e-07
0.6531497563421726,7303.4763457253575,1.4804138290574773,5.843412942588329,3.8406835040077567e-07
0.375654473528266,3105.3772009909153,6.441896806126461,6.093863968430087,9.442713630851357e-07
0.5340983525663615,9366.118011064827,2.7641542542008684,0.1924578226916492,7.187429499346761e-07
0.7770977836847306,4562.637854367495,7.801938297862188,11.931984218070284,1.5668523143976926e-07
0.8283871157467366,6603.440412320197,3.5428818102236836,7.062446769904345,6.188481508754193e-07
0.4803492554277182,1836.7987871170044,8.580670007168315,5.067288040528074,2.711532143410295e-07
0.3594078347831965,7814.780586399138,2.2640300416592507,10.968580979704857,4.687572774011641e-07
0.6718560934066773,3583.138808608055,7.225508828195744,0.9736256538610906,8.183328596875071e-07
0.7190233898907901,9472.367594018579,8.968586873465217,2.773094468871131,9.506949769798666e-07
0.4497803726792336,5230.220156721771,3.928967171702534,9.358105393927545,4.43629902601242e-07
0.6087285356223584,7127.2555235773325,5.265636173342355,3.26935145589523,2.4321150789037343e-07
0.8424674003571273,2367.6863638684154,0.30598881712555887,8.67431737139821,7.521572280209512e-07
0.8430746358633041,9448.136685416102,5.673016479968094,6.770047755017877,5.928277828264982e-07
0.6081224016100168,5249.934560619295,0.6333974114414305,5.126250569326803,2.963950643315911e-07
0.4502498307079077,7151.486499235034,9.469318834277802,11.21479600539431,4.966967831365764e-07
0.7185528971254826,2347.972027026117,4.509670919323341,0.8686617314163596,7.912747958209364e-07
0.672480403110385,6618.899491615593,1.7998929767347873,2.830501183522865,9.777526070363819e-07
0.35878455981612206,1825.8906789124012,6.83768180691544,9.064334947094322,4.156900263857096e-07
0.4808357521891594,7799.3215741589665,3.02078934571147,3.162833148622885,2.1796928108669816e-07
0.8278995174914598,3594.0469838678837,7.982267573510297,8.919159535821526,7.781771559268235e-07
0.7766282849758864,7327.5854820385575,3.174581282817759,10.040140925729647,3.1610624538734555e-07
0.5345688192546368,3085.5410248041153,8.136064818624407,2.038365648742765,6.656769655179232e-07
0.37504721194505697,9342.008807696402,1.9585698455022649,7.939568652464077,8.910885951016097e-07
0.6537558496743441,4582.473963499069,6.996353255927564,3.951412603780627,5.433985207229853e-07
0.73729039311409,8747.965032234788,9.315526636427268,5.7376144762896,4.0925373067148025e-07
0.4339745030552149,3981.22042696923,4.3558745309403175,6.339427045816556,9.182043129578231e-07
0.554393481835723,5599.735477939248,5.514339946443216,0.2505858076363802,6.916384066455065e-07
0.8943414540588857,1368.059384636581,0.4747250311998651,11.63893325488083,1.8456847011111677e-07
0.8709405174106359,5851.617518812418,8.649935905380174,3.5224678943864998,8.301436353009194e-07
0.5803245164453984,1094.2112924531102,3.6103209901368247,8.608729109773412,4.874064684845506e-07
0.4213075894117356,8477.957595139742,7.429653104858474,2.519977740049362,2.6252655386924744e-07
0.7474277428537608,4238.041755743325,2.4700009993715213,9.423693945882842,6.037721740547568e-07
0.621509048640728,9072.548708878458,3.842003481433727,10.809320485750213,7.369418350979686e-07
0.409687926247716,4838.743997737765,8.879786891859025,1.3204114660434425,2.3482804861851035e-07
0.5306959664076567,7580.014861188829,0.04142521951813251,7.221707554189488,4.619256762322038e-07
0.7781066904962064,2811.141638085246,5.002908755324782,4.720501938015222,9.625479160808026e-07
0.7968185642361642,8090.71399550885,1.1375110388509928,0.5977895170729608,5.60261677019298e-07
0.5144462693482638,3289.4654367119074,6.098989266649821,11.33949025258422,8.498349022585897e-07
0.3559333591908217,6309.3775836750865,4.933198856227101,5.438081538537517,6.504800451453774e-07
0.6728015057742596,2113.4413722902536,9.970987686407753,6.686357643585652,3.6232054671272634e-07
0.6961821576207876,6842.5158858299255,6.3335681422567,7.545082700550556,1.7528578671626746e-07
0.4750150175392628,2634.9753821268678,1.3739202273022384,4.39073487537913,7.304856316186486e-07
0.5966127908229828,9740.080401301384,7.55873959935736,10.479370179902762,9.291532322764395e-07
0.8521903333812952,4944.805675186217,2.5191205308306963,1.6436039498541504,3.75367114180699e-07
0.8615318559110166,7014.2118548974395,2.0409887170391157,4.675794915901497,7.675942630507052e-07
0.5872024749964476,2256.3249599188566,7.080012376084924,7.455409234855324,2.1402701321057973e-07
0.46679257936775687,9636.156595312059,3.414433952876367,1.3666337676998228,4.3955537253059446e-07
0.7044727882742883,5395.760087296367,8.374753526378424,10.577042206190526,9.949773281812667e-07
0.6821861711889505,7909.954372793436,5.430623909542338,9.749604950491339,8.076686408836395e-07
0.34661748707294465,3676.630330272019,0.39221109976153823,2.3801370065379888,5.197312531992793e-07
0.5061300195753575,6421.815861016512,9.076818559100852,8.281314260177314,2.932820766232908e-07
0.8050666215270759,1653.4233065322042,4.115888061835431,3.660896661346778,5.830741701181978e-07
0.7863335774093867,9178.669512271881,9.54307682501059,1.7862422187253832,1.9432209548540413e-07
0.5224012207984925,4376.802989281714,4.582151710251347,10.151041838889942,6.94751407019794e-07
0.40034202173352246,7401.7273634672165,5.90177187500801,4.249611484054476,8.951698555611074e-07
0.630923546180129,3205.1731878891587,0.8633537199702115,7.874834844665601,3.928598982747644e-07
0.7557481054961682,5754.560369066894,2.9481753517240286,6.45023648253642,5.261737869121134e-07
0.41305508546531206,1547.6378295570612,7.90849080919195,5.485582522712648,8.672232362907379e-07
0.5709356714040041,8647.730621509254,1.5698410123176874,11.574107970641926,6.696192207280546e-07
0.8802607694268227,3853.0738595873117,6.608868899145165,0.5488761643506587,3.2668912559747695e-07
0.8850212270766498,8360.731390304863,4.702997001118959,8.684502891143785,9.58605239726603e-07
0.5637823686003686,4162.048596888781,9.742024887946434,3.2117997211590406,4.513423748780042e-07
0.4422267816960812,6059.684795327485,1.064741790290922,9.300415037544445,2.5205236761830747e-07
0.7289697884768248,1255.6896544992924,6.025057247758844,2.7830498458631334,7.608067790977655e-07
0.6443413437902927,7706.304786726832,7.787645481075161,1.009834769256413,6.268062419723719e-07
0.3843930580466986,2913.7766426429152,2.7492273260373623,10.885002790680154,2.789199967868626e-07
0.5428637734800578,8891.123278066516,6.407480791575276,4.983665520269423,4.77652447298169e-07
0.7684016567468643,4686.329356394708,1.4465556768160313,7.0983371694106605,8.270302391145377e-07
0.8196513350307942,6165.541702881455,7.191095514209942,11.966306989211589,3.7848052303306756e-07
0.48915192686021336,1922.8792814537883,2.2301650169445204,0.11220673185773193,9.389072661288082e-07
0.36810062386095527,8184.3582186847925,8.566374527065083,6.013477069921792,7.140922013670205e-07
0.6630958795547486,3424.2054102942348,3.5279617172842848,5.877508474281058,1.522517314646393e-07
0.7102623749524355,9910.00881139189,0.2811279988856986,3.905243566604331,3.384555900469422e-07
0.4584723606705666,5143.882170319557,5.241447572387756,8.171807960737496,6.332557134795933e-07
0.6175325421988964,6757.386066950858,3.924267098397948,2.0831223620381203,8.604181909468024e-07
0.8337329547852279,2526.3279378414154,8.963290757443756,9.806398129798472,5.642043407075106e-07
0.8378044087439775,6394.989697262645,4.270689488906414,0.0834576251450926,2.0472205113619564e-07
0.613392332494259,1627.7987724170089,9.232196175076998,11.85820162376389,7.649137150961905e-07
0.45386257871985436,8022.688640281558,0.5500691198557616,5.956701209945604,9.910646868404e-07
0.7149409126490356,3792.6948284730315,5.587829491664656,6.172117362096905,4.2899237712845204e-07
0.6584775651991368,9680.844125337899,8.21934240476694,8.158838450666517,5.099569323938339e-07
0.3727877023071051,5439.245987683535,3.25966603144072,3.7842858506087214,8.045252160169183e-07
0.4932148233801127,6919.33895368129,6.922764050531201,9.872829812690616,5.795287236571312e-07
0.8155196744203568,2158.1218279898167,1.8831734403762965,2.2574509530793874,2.830797942820936e-07
0.7642612989246846,8691.045396961272,6.764094594350086,3.376980221495032,7.049504864495246e-07
0.5469351085275412,3897.3842710256577,1.7244890658995136,8.746910057319328,1.9787082085385918e-07
0.38907174803316597,5656.116374768317,8.065543129572644,2.6580674344860014,3.9600650072097774e-07
0.6397316765785217,1452.4554014205933,3.105881637292914,9.278297615433111,9.049408721271901e-07
0.733657019212842,7375.724637880921,0.7087389112794772,11.042545097572729,8.777895359322427e-07
0.43760858207941056,3178.1748263165355,5.746512934911997,1.0828073749691247,5.300832506734878e-07
0.5596505598723889,9294.425556436181,4.424488503356465,6.984011852676049,3.293663946446031e-07
0.8890840046852828,4489.297467283905,9.385981425955892,4.953818249609321,6.789273857139051e-07
0.8756338976323605,8988.167259842157,1.29118232587073,10.277848419127986,4.486525570042431e-07
0.5756312989443542,4782.3777021840215,6.252675248470158,1.8050604143738747,9.493104658555239e-07
0.4171094495803118,7663.857538253069,2.5920175161333754,7.706355117866769,7.502279242966323e-07
0.7516249856352807,2868.0678280070424,7.629791539765895,4.1890284867398435,2.4815628863871097e-07
0.6350035325437784,5944.796613417566,6.179819712189958,5.5995365737378595,2.757608138490468e-07
0.39619327127933507,1141.7971085757017,1.2201582199102268,6.484834453491494,6.170485848560928e-07
0.5177999962866306,8385.33443864435,9.899845584364607,0.3960845577530563,8.16818585526198e-07
0.7910035660117865,4189.913211390376,4.860240055914038,11.500764099219815,4.741170877125114e-07
0.8097624013572933,6643.870639614761,8.808637284106576,7.376576330345124,9.424393214751034e-07
0.5015032625198365,2411.6108808666468,3.769046673951671,4.512392488876357,3.8869535420089955e-07
0.3424942190945149,9938.182952813804,5.0837467438234025,10.60102917805314,1.6201266748830676e-07
0.6862404163926841,5168.726081028581,0.12407037049718202,1.4750989643018693,7.1724818139337e-07
0.7003238897025585,8280.578762292862,3.683224885161966,2.311869720229879,6.371549953706562e-07
0.47087244682013996,3521.627583540976,8.72098525697086,9.57856415135786,3.4903116594068704e-07
0.5918726158887149,6120.072677731514,2.3872561509683727,3.6771539633255452,5.734959369990974e-07
0.856930746138096,1880.7404870167375,7.348762837138959,8.400436372756959,8.63111313059926e-07
0.8475121941417456,7826.122692786157,7.82704245566763,11.36087559517473,3.065293065737933e-07
0.6012229754030705,3619.7151374071836,2.866140714767389,0.7220403849240392,5.963376109488308e-07
0.47915482461452485,6506.20777066797,6.680628871923314,6.623219112548977,7.943565610796211e-07
0.6921103052049875,1709.800062701106,1.6421873057773337,5.2721687800157815,5.064289024565368e-07
0.6769327637553215,7106.841180473566,4.664286342625507,4.422777133947238,4.262952232733368e-07
0.35187006421387196,2304.4596733525395,9.624577159762383,7.661603898517788,9.817269079852848e-07
0.5097595893591642,9542.984206229448,0.7910600409740582,1.5728270467091352,7.80893322220072e-07
0.8014372812211514,5348.180976696312,5.830112456385047,10.324023039583118,2.2734228326007722e-07
0.7827170231938363,5556.463986635208,0.31992418149113655,8.44789365102537,6.563071409240365e-07
0.5260179460793735,1323.7235927954316,5.358961753104814,3.441079456154257,3.133867748547345e-07
0.4056159215420485,8846.382573246956,4.198015896234662,9.529603430097923,5.394210168626159e-07
0.6256487409770489,4076.44506637007,9.158321668916383,2.546531858853996,8.804866771213709e-07
0.7433642955869437,9367.985415272415,7.151764992150479,1.14681513318792,9.084689147304742e-07
0.42543873265385634,4609.514871612191,2.1133371523264795,10.7436201677192,4.061751683242619e-07
0.5849433815479279,7211.873057298362,8.293312566815876,4.842191197536885,1.8106194622814655e-07
0.8662539563328029,2973.021501675248,3.332397136842832,7.23540914378129,6.815009868238121e-07
0.8984641712903978,7482.944426126778,5.157561651299708,1.9277047495730222,4.909255665261298e-07
0.5503387192636728,2715.1355035603046,0.1966462213266641,10.013958787294104,8.402676893398165e-07
0.4292792739719153,9115.039241500199,9.03748833503481,4.112620042897761,6.13520152773708e-07
0.7419176675379278,4884.427431970835,3.9990604952108115,8.016205675741658,2.6559175676666196e-07
0.6490862595289946,8592.889396473765,2.3147372168824076,6.221036298098043,2.388181076385081e-07
0.3796488390862942,4351.909256540239,7.275042989564129,5.722089432496578,7.475303682964294e-07
0.5387171670794487,5826.988352462649,3.4532304334752264,11.810706133535131,9.719302895013241e-07
0.7725479001551867,1066.3892244920135,8.492268005088903,0.3195846374705434,4.6463175565004343e-07
0.8238446026295424,9853.63837517798,2.6744933044137436,5.186102023115382,8.471321017481387e-07
0.4849583546817303,5059.496614150703,7.713545719824732,6.937795402295888,5.508761006873101e-07
0.363411982357502,6814.316699281335,1.531130651817657,0.8491112775821239,3.517287092749029e-07
0.6677852929383516,2610.175090841949,6.491421468954534,11.087258060295134,6.46493163704872e-07
0.7231546723842621,6213.131659664214,9.816224607365205,9.139874699749052,7.274172511417419e-07
0.4455803594738245,2016.0624831914902,4.7777830412192275,2.985487778028473,1.6554111223667858e-07
0.6040418644994499,8136.225231923163,5.941169147593901,8.886756731439382,3.6524626305326817e-07
0.847222868949175,3331.577777862549,0.9802674066936597,3.05107480016537,9.256308553274719e-07
0.8440482875704767,7442.82334856689,9.858999356015586,7.91535782461986,4.329304145649075e-07
0.6047552413493396,3247.4364703521132,4.898717460056767,4.020462654614821,9.883783370722085e-07
0.4492422663420439,9225.395722314715,6.22074220823031,10.109055213555694,7.609693826641887e-07
0.7219545041024685,4422.4992310628295,1.1817571207080035,2.0139274474512785,2.0742804585024712e-07
0.6646697416156531,8624.212828464806,2.6317191145010295,0.22751693897880615,2.8660605098120865e-07
0.3640647269785404,3828.3887691795826,7.592610742249527,11.709765733983367,5.764241081662476e-07
0.48868032634258274,5725.412351079285,1.2515569579452275,5.808405393464491,8.00992689654231e-07
0.822584903612733,1519.519779831171,6.289932388176211,6.316042319908738,5.130812181625514e-07
0.7688859912008048,9611.403309740126,2.3476377672636883,11.191306872172282,9.018199175130575e-07
0.5399173374474049,5372.036769986153,7.386017313528806,0.9384336108714343,3.995359239168465e-07
0.38282341837883,6986.299195326865,3.7229196110563354,6.83968096815981,2.0097213052213192e-07
0.6483728847652674,2227.2450029850006,8.683807011023164,5.102531427349895,7.014273582492023e-07
0.7381956937909127,6464.147204533219,5.124661734154449,3.140488967224955,6.762182118371128e-07
0.4305389750748873,1694.7246817871928,0.08567126412596554,8.990716568185016,3.3331408356316383e-07
0.5534542685002088,7955.445090308785,8.767798598716036,2.902008301373571,5.32772754272446e-07
0.8978114287555219,3723.2883451506495,3.8075220480142162,9.041666287863627,8.738481166772544e-07
0.8674706804007293,8208.975080400705,6.884364962784574,5.3673454268276695,2.454468392767012e-07
0.5812638507783413,3447.792303748429,1.9240884120827542,6.709704626528546,7.541752870660274e-07
0.42474297970533376,6193.590451031923,8.257817797454074,0.6209061339311301,9.519998396281153e-07
0.7465223211795092,1952.0953269675374,3.2188273274255916,11.268615831891076,4.447110585868358e-07
0.6268918842077256,6715.19114729017,0.5873236521193758,10.410419578431174,4.7099585128016764e-07
0.40191157378256326,2485.1629864424467,5.548211052086205,1.6680955272912978,8.203476762399076e-07
0.5253475775569678,9864.382005296648,4.233511298832484,7.569250157484785,6.201497710309922e-07
0.7858491303026677,5097.088066861033,9.271890845097602,4.321734002064914,2.7223761281929905e-07
0.8021330320835114,6018.452721647918,4.3873076499663295,2.4485201570484785,7.207747642416505e-07
0.5066015658527613,1213.2902834564447,9.425683080197311,9.446318876873702,1.5890832748264073e-07
0.350653338059783,8314.14160411805,0.7459959951117635,3.544865809259936,3.851629070006311e-07
0.6806122966110707,4116.488778963685,5.706887622860261,8.537135406434535,9.455637370701879e-07
0.6927806716412306,8914.777159690857,8.104020515090786,7.152032042127103,8.670496829785407e-07
0.47602271959185605,4711.15053538233,3.0650354275684806,4.744269185522571,5.708098690491169e-07
0.5999798300862313,7735.316380858421,6.725693476523273,10.832771518677474,3.4508690633811054e-07
0.8512165439873935,2941.7582685127854,1.7654115805644541,1.2506947493832559,6.39861113578081e-07
0.8605926550924778,9300.775191746652,3.4940906116412953,4.272586039965972,5.033271874766796e-07
0.5906724455207587,4540.073050186038,8.453775906145573,7.804456866793334,7.978792839683591e-07
0.4676978675276041,7280.9973722323775,2.273800808274187,1.7157286118436605,5.994581602513789e-07
0.7010372644662858,3039.982883259654,7.3134587463177745,10.1737890660204,3.0299947806634006e-07
0.6899623901396991,5623.391035944223,8.997772190863266,11.598956252597272,2.246523743495345e-07
0.34123451799154286,1392.8822400048375,4.036255391540938,0.4795488478895277,7.84834336163476e-07
0.49838771328330045,8776.975084096193,5.197201527779923,6.380867648813873,9.844356765504925e-07
0.8104151438921691,4009.200510568917,0.15937502005603166,5.510115081416443,4.223471290431916e-07
0.7941781473904849,7176.1016845703125,5.980811165901833,1.388889308962971,8.844314148649572e-07
0.517086619436741,2371.5572440996766,0.9429888487104326,10.505945437001065,5.367154274601489e-07
0.3925313644111157,9476.186975836754,9.776506284116767,4.604559346400201,3.0944914272986353e-07
0.6362037008255721,5279.152148403227,4.814985331511125,7.477434722697362,6.589938960038125e-07
0.7547405369579793,7757.128196768463,1.4901914308965205,8.30544660945423,6.85033918498084e-07
0.41645670495927334,3552.8835747390985,6.5298440609322865,3.5908531888760624,1.779380657710135e-07
0.5719093272835016,6573.271009139717,2.7153561831451953,9.67951151884161,4.0264931693673133e-07
0.87689359664917,1779.0948990732431,7.675046897404828,2.4039447439834474,9.115739355329424e-07
0.8883882538229229,6284.623828716576,0.8294825770780445,6.082887934567407,2.69124609278515e-07
0.5628085833787919,2089.717585593462,5.789173291337677,5.852928256709128,6.103961424902081e-07
0.4388253082334996,8062.801939435303,4.625787464331836,11.941496360888705,8.367415118031203e-07
0.7299774863570929,3260.3860832750797,9.6654400943676,0.181479153521359,4.940303118433803e-07
0.6390613101422787,9782.41234831512,6.643350295315497,2.1535868807323277,4.685764205642044e-07
0.39220385305583483,4986.107653938234,1.6818293427098543,9.783694362910465,9.69224576605484e-07
0.5481782538443805,6888.006133958697,7.86424472733494,3.8822155452147125,7.435924036893993e-07
0.7605569490790367,2681.632927618921,2.8264224101435396,8.242222162922845,2.41504580900073e-07
0.8143029503524304,8519.052976742387,8.33050748177059,9.3705450508371,6.438033846206963e-07
0.4968943541496993,4280.304434709251,3.2926809740466996,2.759188285609707,3.556698023807257e-07
0.37348345525562765,5898.34419824183,7.114493809504435,8.660414359439164,5.535851447377354e-07
0.6553195396065712,1139.9080036208034,2.152977010182105,3.281793748112395,8.43184333667159e-07
0.7136977694183588,7556.497537530959,4.159523853165098,5.05484583764337,9.225292638409881e-07
0.4575669264793396,2786.4570170640945,9.199181791208684,7.07634969253093,3.687690587714314e-07
0.6140627010166646,9043.40008739382,0.35833999411854894,0.9875312117952854,1.6866194335743783e-07
0.8346723016351463,4810.625344514847,5.3180252886228265,10.95614194812253,7.238877551164477e-07
0.8300619689375163,8821.628717705607,0.0017071011401712894,2.6821910738479344,7.877584819216281e-07
0.6187407213449478,4052.7211790904403,5.040110989742913,9.208245611712336,4.99804856441915e-07
0.46163893118500715,5528.552366420627,3.8816452576220035,3.3068838865403083,2.999310485087335e-07
0.709558077082038,1294.6446752175689,8.842508426998743,8.770715070124716,5.897134398575872e-07
0.6593829868733884,7254.205104894936,7.470515778719449,7.006258862689138,7.74242550972849e-07
0.36935231201350693,3014.323581010103,2.4315022328253835,4.8827127705048765,2.206655483227223e-07
0.4922754890471697,9413.475227542222,8.608996926578692,10.971306803431363,4.19644276285544e-07
0.8189895114302637,4656.171981245279,3.648743488991633,1.104829959506169,9.750500448048114e-07
0.7652350883185863,6547.303252853453,7.517803246622906,5.9815696363709865,5.460977517999709e-07
0.5435680692642928,1752.0628422498703,2.557536082713865,6.102810011440888,8.871374483685941e-07
0.38806404598057276,7872.848936356604,6.374428227299825,0.014103129282593729,6.629840041045099e-07
0.6431331625580788,3665.411412715912,1.335428370478563,11.88274834166281,3.2003772184252736e-07
0.725846228376031,9519.46678198874,4.972838676833549,9.895824334407225,1.876859922427684e-07
0.44288860321044926,5323.496255092323,9.933716690007596,2.187093119677156,6.880990659818053e-07
0.5674952633678914,7077.692994847894,1.0977949878023936,8.08833900297992,9.150930858217178e-07
0.8837695368379355,2276.341455988586,6.136183920860291,3.807047415599227,4.1277342638932164e-07
0.8809485115110876,6773.08264747262,2.983518405185081,10.672229818562046,6.068895726930349e-07
0.5677867247909307,2567.773741669953,8.021907338242977,1.453131274562329,2.5898714037612076e-07
0.41182928241789346,9807.050365954638,1.8370876868190245,7.354287289408967,4.842949595302344e-07
0.7594356471300125,5013.93857318908,6.797965699993075,4.583545626848936,8.336629985366015e-07
0.6316019255667926,8159.881225787103,9.507734404785559,3.747303763758391,9.652470173314212e-07
0.39720083564519887,3356.4010690897703,4.4687345479642975,8.37659513563849,4.579744503367692e-07
0.5211671565473079,6242.141610942781,5.634524641769008,2.2877951690554617,2.321348117198795e-07
0.7900299143046141,2044.0424662083387,0.6742574778599665,9.648572694836185,7.408729854039847e-07
0.806292426660657,9139.654862694442,5.4758411612724895,7.776810747981071,3.5838601458817715e-07
0.5024424758553505,4908.013084903359,0.5155877236854285,4.1663163672667,6.531764358747751e-07
0.3459297470748425,7510.9946159645915,9.353949116657487,10.25481731576845,8.537894846405832e-07
0.6853351157158614,2744.3529907613993,4.314935570763424,1.8754720705840737,5.575593966059386e-07
0.7057068546116353,5784.7945392131805,1.9957720240466297,0.46548706981353466,3.7185087944380937e-07
0.4630962403863669,1025.2253795042634,6.956635193423368,11.47617499306798,9.322614354081451e-07
0.5865240976959467,8547.261014580727,3.1373027620837095,5.574723399439827,7.340219419449567e-07
0.8646730399131775,4305.113577283919,8.17570665068645,6.554103793185204,1.721717192325741e-07
0.8553569018095732,5680.7336723431945,6.447175424346701,9.507262062672526,9.976698842830956e-07
0.5959084950387479,1476.0427307337523,1.40937767298799,2.6180918838549405,4.3562349076382815e-07
0.4713440296053887,8719.094044528902,7.748027153244243,8.519409210793674,2.1132737682200967e-07
0.6973903388530016,3926.6002159565687,2.7864815975567327,3.4184194175060836,7.715450044721365e-07
0.6759250658750535,9252.230200916529,1.0239031980233266,4.818705056952313,5.861849919427185e-07
0.35527153767645364,4448.132080025971,6.063532379701734,7.305183837208896,2.897619755938649e-07
0.510733374580741,7330.097932368517,4.7439119355762385,1.216456966912374,5.166133257560432e-07
0.7980702544748783,3131.38082344085,9.703625986445696,10.71990946765989,8.112075762357563e-07
0.7817776763439179,7981.456130743027,3.9651893523186446,6.600135995363816,3.893243194092065e-07
0.5294877872616053,3750.295021571219,8.924889751364477,5.342986831925809,8.982846038416027e-07
0.4065213557332754,6348.4000116586685,0.24028197540715338,11.431646635876968,6.982681262306868e-07
0.6222133465111257,1582.2390550747514,5.279924920656719,0.6986356038786471,1.9121442749164997e-07
0.751140635535121,6942.993271164596,8.526749401259236,1.5486017916724086,3.22735281009227e-07
0.4200559012591839,2182.943442836404,3.565218763867393,10.393058841889724,6.723221882712095e-07
0.577200954258442,9709.85561888665,7.230796907707118,4.4916713666357095,8.711582465562969e-07
0.8716023410111666,5467.227512970567,2.192984275301918,7.6371458207536485,5.234779249876738e-07
0.8931156489253045,9979.279038496315,9.114075587059371,0.7794216956570744,7.568526020273565e-07
0.5580810255557299,5210.989464074373,4.076262954654172,11.111010701945052,2.547550533432513e-07
0.43466224305331713,6690.59641379863,5.393443149275147,5.209533358234912,4.5527731231413776e-07
0.7341414485871792,2457.3066867887974,0.43191251188330354,6.868058451833203,9.559092543087898e-07
0.6525217833369971,6096.554784104228,3.3760328909233213,8.815284542581066,8.234943340998142e-07
0.37874355092644696,1856.0552960261703,8.415675836172886,3.073685661293566,4.80766920093447e-07
0.5352471965551376,8251.431180164218,2.0794660094343125,9.162252380819991,2.8243663683533665e-07
0.7734871009737254,3493.509969674051,7.0391664084801455,2.9138743768818673,6.236984441522508e-07
0.8272117754071951,7639.104152098298,1.6083162001343443,4.043672076733783,1.5536283510737122e-07
0.48398469880223277,2844.3444101139903,6.568030251003803,8.040700424481184,7.105724328197538e-07
0.36001036286354066,8960.255036130548,2.909776506097056,1.9518804697599264,9.357894621789456e-07
0.6687928614765406,4753.29818110913,7.949405687775464,9.944966713227332,3.820195312146097e-07
0.7178745177388192,8427.665882743895,5.864593889804557,11.739973193127662,5.66897172294557e-07
0.4533910167962313,4231.214687228203,0.9030483341170475,0.3429342557210475,8.564866353292018e-07
0.6093564658612014,5990.28689507395,9.58033111515455,6.244161714203655,6.305562069173902e-07
0.8393782989680767,1188.4546875953674,4.54253336379584,5.651223275056108,3.424064106307924e-07
0.8401665059477093,5958.799345418811,1.4288770215241238,10.709148769695311,5.141030237078666e-07
0.6108240181207658,1198.1315528973937,6.4666604691986,1.1855015940684825,8.03705463046208e-07
0.4520559681952,8443.29428486526,2.8060026996126397,7.274300064332783,5.770356956403702e-07
0.7169538738578558,4202.245480380952,7.767486272668466,4.8078783869650215,2.8889886299148203e-07
0.6695128248631954,8965.392631478608,6.083015040606261,3.387579462202266,2.0887057906948029e-07
0.36140964023768907,4734.849486500025,1.043400162612088,8.508533095289021,7.640931530855595e-07
0.48271782703697685,7614.669588394463,9.723087489817292,2.60737848742865,9.88570843450725e-07
0.8263593396544457,2846.929330378771,4.763435421579518,9.476265016235411,4.3481387612409884e-07
0.7748180513083935,8268.242218531668,8.944353340690023,7.597846751352772,8.769499448593705e-07
0.5361722724884749,3463.6634290218353,3.9847053884863857,4.4790146318450565,5.342355071566999e-07
0.3779595089703799,6063.742541708052,5.299405495607295,10.380467721791938,3.351659862324595e-07
0.651049865782261,1866.74202978611,0.2597863898314536,1.5092314796335995,6.764407571870832e-07
0.7354038903862239,6665.01341201365,3.5847371839825066,0.6860935719683766,7.041100800037383e-07
0.4355187749862671,2460.803139023483,8.546215374532155,11.392232863595709,2.0202550762332974e-07
0.5573654253780842,9985.70686019957,2.212486305778846,5.303730508107692,4.0180852892808614e-07
0.8917122086137534,5191.496434621513,7.250275098710322,6.587430887045339,9.024534345604479e-07
0.8735527814924717,9692.630279809237,4.095767071085051,2.9539307622238993,2.6996662272140383e-07
0.57736975453794,5497.758385725319,9.133555864016525,9.17562105066143,6.195146137382835e-07
0.4197460523992777,6975.116554647684,0.4514288460444659,3.087028469387442,8.176633142400533e-07
0.7493311768770219,2172.6663829758763,5.412907036594116,8.855361161725595,4.699440890923142e-07
0.6242320305854083,6374.397314153612,8.435153729182668,6.881358157014474,4.428575536701828e-07
0.4067584308981896,1578.0582707375288,3.3955346234068275,5.249658708237112,9.51778921857476e-07
0.5291097615659237,7975.717267952859,7.058632679746487,11.151019071089104,7.510750864632427e-07
0.7799000095576049,3769.378377124667,2.0989847275428475,0.7928327537514269,2.4398248414508997e-07
0.7983756566792728,7361.175808124244,6.587489072434605,5.661272395299748,6.396670049522071e-07
0.5125469461083413,3122.3929170519114,1.62783700419683,6.274359413776547,3.432050723582506e-07
0.3533254770934582,9235.917466692626,7.968891030620784,0.37311207882128655,5.693689634092151e-07
0.6757520859688522,4477.515587583184,2.9292761526266116,11.750047817789017,8.639243103098122e-07
0.6977642495930195,8714.366123080254,0.9225715221269056,9.975094733480365,9.449537645094095e-07
0.47322614513337613,3944.3599516525865,5.884055095182733,1.9619992693234236,3.828684547450393e-07
0.593893992677331,5705.852568149567,4.562030626378022,8.050707513801754,1.5788488169200718e-07
0.8551154446601867,1473.0435097590089,9.599814074052498,4.073917435174808,7.18063605763018e-07
0.8632738720625639,8534.911311231554,5.059684240647592,1.121488207904622,4.25474884500727e-07
0.5858042250573636,4339.558748528361,0.02126604836061597,11.008067892938852,9.85872476827353e-07
0.4639484998583794,5813.003859482706,8.86210819931794,4.9194998110923915,7.86712166108191e-07
0.7069735688716174,1010.0730191916227,3.901183047309518,7.022896966617554,2.2484896709211167e-07
0.6838674706220628,7532.116282731295,2.4510635639932006,8.807543694972992,3.0570815242826936e-07
0.34514143265783787,2736.257907934487,7.4900914135715,3.3234745995979753,6.004856100771576e-07
0.5033632793277503,9137.829963117838,3.668278894731775,9.224953394960613,8.001778415869921e-07
0.8076276494562626,4931.971740908921,8.628594314950519,2.7189084351155905,5.039347772486508e-07
0.7891732060909271,6269.443556666374,2.5770783423027024,3.840540411006659,9.126216936856507e-07
0.5199045572429896,2030.0427014008164,7.5373979530539374,8.095098544666543,4.05336163053289e-07
0.3986043854802847,8148.580014705658,1.3549828477976844,2.193872448503971,1.785756058525294e-07
0.63231761649251,3389.560171402991,6.3940065440926706,9.929291736064478,6.873008032329379e-07
0.7585107307881118,9806.098374538124,9.953309012491257,11.88957613334991,6.604623564984648e-07
0.41049850627779966,5036.710167303681,4.992378552475014,0.04752787468954921,3.1254696054384106e-07
0.5692585495114327,6793.190020136535,6.155764621600509,6.136346377758309,5.369338611140847e-07
0.8817324460297824,2560.9989259392023,1.1173518490688874,5.9882800005376335,8.862889238167554e-07
0.8835323521494867,7051.0796727612615,8.041485357042403,9.614327743435279,2.4128451966680586e-07
0.565476488545537,2289.9312116205692,3.003072584510781,2.280329766925424,7.417364969849586e-07
0.44476644627749923,9531.181958504021,6.817560704417527,8.369058044208213,9.677577183581889e-07
0.7262244115769864,5289.652485400438,1.8566302444012837,3.713124695047736,4.654769751708954e-07
0.642964455112815,7873.112304136157,4.48829111123737,4.575966236498207,4.933944120071828e-07
0.3861137129366398,3643.0498277768493,9.527314807532354,7.320156326228752,8.344730121549219e-07
0.5453773683309555,6526.781914755702,0.6937976514948533,1.4188375029712916,6.093467694241553e-07
0.7655447629839183,1759.5223253592849,5.654117262246088,10.664807430012152,2.664394034072757e-07
0.817107572183013,9426.509598270059,0.5351252153795213,6.53815176256001,7.215908377431332e-07
0.4919017358124257,4621.312844567001,5.495440635598265,5.538713908595964,1.6805273867212234e-07
0.36959365963935853,7226.40579380095,4.3344948159772905,11.440099976863712,3.660587694961577e-07
0.6613973984867335,3028.787317685783,9.373522665555589,0.449606371158734,9.215034542605281e-07
0.7077443459630013,5506.7460322752595,6.976232283801773,1.8393493061792106,8.413048761431128e-07
0.46133335478603843,1303.1537234783173,2.01530713179335,10.238978558704257,5.533901542425155e-07
0.6189137940853835,8823.043608106673,8.195282583531924,4.150320251071825,3.525436491705477e-07
0.8320081369578839,4029.45114672184,3.156864391244948,7.740851149316877,6.423649567645043e-07
0.8361397954821588,9022.863997146487,8.473330383464694,5.522817152431235,9.752717858646064e-07
0.6148508996516466,4818.138740025461,3.513668928434141,6.42012129265815,4.21498604491353e-07
0.45664627425372606,7556.642619892955,7.333001005906612,0.5189653001446277,2.221307267434895e-07
0.7123626624047756,2764.183140359819,2.2933955147052183,11.611501321811229,7.773435748647898e-07
0.656718858703971,5910.108459182084,4.055836092281156,10.213156698085367,5.903477738611399e-07
0.3742034436762333,1106.0446538031101,9.01732905212976,1.7283166946377606,3.022012153174728e-07
0.4960419434309006,8492.52360779792,0.17896734253969043,7.817116638887674,5.008557953406125e-07
0.8130361203104258,4293.772149831057,5.216741403421388,4.311887789340689,7.904420206323265e-07
0.7614819832891226,6889.470108784735,0.9625886210296304,2.434944827724248,4.1506867660209536e-07
0.5495091791450978,2658.3433151245117,6.000348955589347,9.69022759524174,9.15703856339678e-07
0.39073191046714784,9760.689967311919,4.834558582415805,3.601726624406874,6.908110224176198e-07
0.6382772264629604,4994.494661688805,9.796065231337211,8.336283527454361,1.887102359905839e-07
0.7308340767025948,8034.987876191735,6.549379466672429,7.488264072658494,3.219187578652054e-07
0.44008775837719444,3274.9037323519588,1.5097888192683457,4.635446156580001,6.631773147732019e-07
0.5614051514118911,6297.539914026856,7.694608228572645,10.53689777254127,8.902620230801403e-07
0.8876727120578289,2054.9461571499705,2.734931817997247,1.399647326953709,5.475378594826907e-07
0.8770624553412201,6571.392733603716,5.808732536551544,8.211979841785505,7.377500382717699e-07
0.573859776109457,1803.0688436701894,0.8490561259761453,3.872211135867983,2.306931017898023e-07
0.41464725464582447,7778.161618858576,9.684977586061693,9.773572883373125,4.560918120667338e-07
0.754430746510625,3544.90624088794,4.645386938657612,2.123455823175609,9.650553342420607e-07
0.6364407342672349,9504.415339790285,1.7014052755553275,0.17140720883384347,8.309494018554687e-07
0.3945500234514475,5263.950167223811,6.662911924476736,11.911321575092153,4.832723306957631e-07
0.5152089276164771,7163.87455817312,2.846019500521943,5.822727519832552,2.566935050766915e-07
0.7938000799715519,2405.918998643756,7.88377983508166,6.072836134349927,6.062771619297564e-07
0.8122287571430207,8797.101500444114,3.3122759784711526,10.942727852724493,1.7111914008855818e-07
0.4986931405216456,4002.3760739713907,8.35005003935285,0.9475201626773924,7.313400181476027e-07
0.3410615631192923,5622.56162147969,2.172555028981529,7.036227022502572,9.316287163179367e-07
0.688016371279955,1415.570417419076,7.134047988830135,5.041549169765785,3.6957907238975165e-07
0.7029193215817213,7269.642785191536,9.21872196484357,3.2417144489940255,5.560958457645028e-07
0.4680717699229717,3073.1572741642594,4.179116473642178,8.647068514041603,8.506868585012853e-07
0.590430980026722,9327.988892793655,5.337581851895899,2.7458226530719547,6.529530925676226e-07
0.8585780943185091,4526.1910343542695,0.37792039686534556,9.330491345468909,3.565333139616996e-07
0.8504967297613621,7729.660934768617,4.918198035007343,6.309328918438404,8.134768991731107e-07
0.598580670580268,2960.719047114253,9.878503770439886,5.774866347173229,5.172500488813966e-07
0.4772894421964884,8940.824083052576,1.2012207100335508,11.676343668550253,2.924480047542602e-07
0.6936329895257951,4706.950707361102,6.240258244398051,0.22069218459539117,5.872351882979273e-07
0.6798239404708147,8346.147138625383,7.612112772726455,1.9804573658201845,7.734000878874213e-07
0.34918566793203354,4106.2999637797475,2.651197305504233,10.102272847425192,2.115466147661209e-07
0.5079367636144162,6001.21209397912,6.3094508082913245,4.013706150231883,4.3872211286798117e-07
0.8030537938326598,1243.8745321705937,1.2710229312181471,7.881867509186268,9.991359192412346e-07
0.7845865727216006,9889.383152127266,7.405538415584714,9.004951963899657,5.236737134400755e-07
0.5244908943772316,5094.17709056288,2.367096886687912,2.885303198099136,8.730385020375251e-07
0.4026272897422314,6710.447937250137,8.703306359559297,8.974123175153508,6.737614140845835e-07
0.6282954757660628,2502.976098097861,3.7424046559082345,3.1036573050729928,3.2586223217658697e-07
0.7451914866268635,6177.361133508384,0.10513276749756188,5.085896003395319,1.9182283421978355e-07
0.42381805501878267,1981.3562575727701,5.144185220157728,6.802896964875981,7.005642456468195e-07
0.582047776952386,8240.102577023208,3.827004708918743,0.9016694840602577,8.99309615464881e-07
0.8689424467086793,3438.7853536754847,8.787295563304797,11.174645943799987,3.920338107272982e-07
0.8957925955206156,7931.132567115128,1.9435737549280747,4.3576966380327935,6.226718176156281e-07
0.5532170754671097,3725.789312273264,6.903864609314129,7.585248953653499,2.797287857625633e-07
0.43091714993119246,6469.304380007088,3.238286148856394,1.6839316043816508,4.801601536106318e-07
0.7400734784454108,1676.2269027531147,8.27733860151656,10.446539305532351,8.211965997703372e-07
0.6464225934445859,7001.839889213443,5.567708314668388,11.284499210519716,9.544716307427733e-07
0.3826547359675169,2198.394081555307,0.606806611017324,0.656984187439084,4.521487335674464e-07
0.5402270371466875,9579.861847683787,9.29141403310746,6.745711080068722,2.545576373115182e-07
0.7706953319907188,5381.728387437761,4.252972504210659,5.383294777479023,7.549739487934858e-07
0.8222111086547376,5731.752464547753,9.445199414358473,1.2581141006294638,3.393093907739967e-07
0.4867983620613814,1500.1450357958674,4.406771537285299,10.86706261029467,6.290885443799197e-07
0.36607911355793477,8598.575914278626,5.72639173929114,4.778402828676626,8.546299243345856e-07
0.6649110475182534,3831.89997356385,0.7654762720689178,7.159614469781518,5.666795365978031e-07
0.7216489861160518,9192.705520428717,3.0845016988348215,8.57131179517135,3.7933188714087006e-07
0.4474285435676575,4433.102011680603,8.12353923319932,3.5523998633865266,9.347409060690551e-07
0.6067014177143575,7459.653967060149,1.784889473574236,9.453787316307425,7.083047501277179e-07
0.844221418723464,3217.5408452749252,6.74519520900678,2.4827677884232253,1.5472449706867336e-07
0.8457553584128619,8101.922435685992,2.8856403612969443,10.357128108777106,7.800298074726014e-07
0.6032536825537682,3344.0698897466063,7.846527798512951,1.5799744252767414,2.181925721466541e-07
0.4465010283887387,6228.1420808285475,1.6617081098398194,7.668725772667676,4.187927016057074e-07
0.7244897627085448,1987.711257301271,6.700087693354115,4.455902079613879,9.79216210125014e-07
0.6663859905302525,6822.269541211426,9.644060118660331,5.2792486232426015,7.935465506277977e-07
0.36269197724759583,2588.911149650812,4.683783605207689,6.656391717083752,4.973294531460851e-07
0.4858107487112284,9829.821792431176,5.8495736617632215,0.7550956512708217,2.9907704037614167e-07
0.8251114493608476,5061.463553458452,0.8105832289839164,11.368067148644478,5.938804110512137e-07
0.7716228492558004,5841.121473349631,5.3784256404237825,7.251679197968915,1.8518092995509503e-07
0.5373862584680319,1039.2206013202667,0.33944051565229894,4.879340570587665,6.939320941921323e-07
0.3811207983642817,8559.59650222212,9.177801945873536,10.780749306967483,9.192268927115947e-07
0.6498703265190124,4363.076642155647,4.21752001266554,1.1631110491231085,4.1196727510541676e-07
0.7410610938817264,9092.134157195687,2.1328558704350145,2.583612981904298,5.435902560595423e-07
0.4280168071389199,4885.245966725051,7.17123126341682,9.545941734286025,8.929712824523448e-07
0.5517421345412732,7489.852899685502,3.3518988693263383,3.457306407429278,6.67118623200804e-07
0.8991797297447921,2695.1618222519755,8.312790459825656,8.48509175493382,3.192291434388608e-07
0.8660851143300534,7198.424268513918,0.2161506357509643,0.3040662712790072,9.611078606452791e-07
0.582992916032672,2999.775824137032,5.177042226250284,11.774263067590073,4.588011506013572e-07
0.42724816627800466,9401.687983423471,4.018576531378553,5.68571760918945,2.346346857026219e-07
0.7436741027235985,4597.658527083695,9.056951924360357,6.2054523172136395,7.350607499945907e-07
0.6254116908460856,8868.60332544893,7.294521180567332,7.97987659801729,6.027479793876409e-07
0.4035972791910172,4076.040832325816,2.3342392473593354,4.096987688485533,2.598146496806293e-07
0.5278956545889378,5549.145839177072,8.511733978361823,9.998489509290085,4.867956488858908e-07
0.7830950739234687,1344.3862330168486,3.4727488535903395,1.8912182233855128,8.278483328409493e-07
0.7996236846596003,9577.975961379707,7.733004839248956,3.0172637811955063,3.7268352322280407e-07
0.5094541454315186,5335.279190912843,2.6940144064696505,8.878857307545841,9.281022442970423e-07
0.352043002396822,7092.245060019195,6.510906513806433,2.9776543261576442,7.282155170571058e-07
0.6788787993043661,2332.1265671402216,1.5506300003537907,9.105992080811411,1.7465150179341434e-07
0.6902282314002515,6497.565969824791,4.797306527222507,11.079471909962594,3.5921947374008594e-07
0.4787809389084578,1731.473677791655,9.835686110736802,0.8151869850512594,6.490148144774138e-07
0.6014644575864077,7849.524974822998,0.9997643712824211,6.90402820089832,8.479806231334804e-07
0.8495267382264138,3618.4325302019715,5.960651808498428,5.178153153704479,5.600399882066995e-07
0.8576505770534277,6110.538220964372,9.2517697239751,2.2184486907813694,5.837125572375952e-07
0.5932717587053776,1912.3704116791487,4.29024873412028,9.859876360129565,2.9554981156252323e-07
0.469605707526207,8309.406063519418,5.607428965990432,3.771261066077277,5.2077976022847e-07
0.6994715885072947,3505.857242271304,0.5696066115498543,8.119901713728904,8.103562327101827e-07
0.6870287558436394,9956.489372998476,3.2792276606019586,6.159048491995781,9.95195016125217e-07
0.34396190591156484,5163.4462447836995,8.238918337612413,5.91781436518766,4.414121326059103e-07
0.5001680814474821,6641.427759081125,1.902708548123017,11.819151613265277,2.1549462350085378e-07
0.8088416229188443,2436.1875178292394,6.942361140909606,0.07054611417464912,7.706912338268011e-07
0.7922661402821541,8415.314301848412,1.7440316234817728,4.9433539120852945,3.285677297506481e-07
0.5186566627770662,4173.235529102385,6.783689598774538,6.952760030059144,6.698165845125912e-07
0.39547753863036633,5933.976054191589,3.125435816618614,1.0514896696619689,8.70351864118129e-07
0.6335999576747418,1174.4755590334535,8.08512114837207,11.032152449348942,5.276114627253264e-07
0.7529558034986259,7660.227629356086,5.766105555389077,9.246931089935824,3.951575803570449e-07
0.41803439095616346,2893.5173396021128,0.728279084914364,2.6477177998423573,8.957765729632227e-07
0.57484738945961,9007.793980650604,9.405561828702687,8.736403420874849,6.974593103397636e-07
0.87416211463511,4776.08353830874,4.4440450666295375,3.345776504408568,1.9534877110272646e-07
0.8911028212308885,9264.03568405658,6.272253565263004,11.510470674140379,8.243206955492495e-07
0.5598877695947886,4506.663773208857,1.3107368031898512,0.4266247133165598,4.7662738659419117e-07
0.437230423912406,7385.860529728234,7.649386246196927,6.515400202805176,2.7662392961792643e-07
0.7317792178690434,3145.9103412926197,2.6115597757222133,5.609223361518234,6.26197884324938e-07
0.6416819845885039,5660.156292840838,1.2397150811767206,4.2196376069635155,7.576797788497061e-07
0.3892404137551785,1426.317266188562,6.199400412930176,7.7159927281271665,2.506130895577371e-07
0.546625392138958,8672.10334353149,4.879779931555503,1.8148154521547257,4.4946216847747563e-07
0.762451974824071,3903.2644694671035,9.919437906848266,10.30834591844119,9.584095035213976e-07
0.8158934526890518,6928.459445014596,3.788584463639185,8.440150659438222,5.62738357996568e-07
0.4950968043506146,2127.1765707060695,8.828237056425772,3.690864821160212,8.573196179233491e-07
0.37077333241701127,9651.328200474381,0.1436293177176267,9.592295153662562,6.330364232882858e-07
0.6582362426072359,5455.426338128746,5.103319994728081,2.351558055831119,3.3660045755095777e-07
0.7152464473247528,8004.796185530722,8.740582645342686,1.488879501456395,1.5120158419013024e-07
0.45567628480494027,3797.2899973392487,3.7027602909021082,10.640673785414547,7.114062244538216e-07
0.6114461394399405,6398.121201433241,7.36833847199101,4.552148359818384,9.382704939227549e-07
0.8376312942802906,1602.8121262788773,2.40681748213619,7.390239797309041,3.7621114784851667e-07
0.832944731116295,6738.566590473056,7.099566555410624,3.6237012374121695,2.8579090051352977e-07
0.6160650066286326,2532.124719582498,2.06056673583854,8.26509034620598,5.805521203670651e-07
0.4598074259608984,9914.067773148417,8.394296083960683,2.3637956650462,8.068197205197066e-07
0.7111830021440984,5117.69441422075,3.4340289573008196,9.712521147467196,5.10566954035312e-07
0.6623759328573943,8194.405865855515,0.41179150250833485,10.560749327559025,4.3211770071648056e-07
0.36670132979750636,3392.0586742460728,5.4501804728154095,1.329507308425382,9.925055402331054e-07
0.4904187819361687,6135.098454542458,4.135480682312512,7.418257181830704,7.667955981567501e-07
0.8205037874728442,1940.2608759701252,9.096358732735737,4.659521824410185,2.04916212009266e-07
0.7670706897228956,8894.166537560523,4.601751184577123,0.5416819309070706,6.803917930927127e-07
0.541938714236021,4661.46045923233,9.562614316704684,11.541049666991457,3.3246664432808753e-07
0.3851771166920662,7688.3589560166,0.8829272688683123,5.452412955481559,5.303041161969304e-07
0.6458132446557283,2918.3871001005173,5.921331120221876,6.44315931928344,8.796429917681962e-07
0.7277073633670808,6030.291447415948,7.928025916938671,7.8417068616952745,9.059926833957432e-07
0.4413702330738306,1271.7865882441401,2.9677724421024325,4.242486929930746,3.9869091496802865e-07
0.5644979520887137,8369.870925322175,6.628430528306403,10.143897140296176,1.9850592906586824e-07
0.8864246840775014,4131.053718738258,1.5894169451631606,1.7531401868350804,7.072214243002236e-07
0.8783103456348182,8645.371694117785,9.76158383516688,7.1062833588477226,4.7348361974582074e-07
0.5707668544352055,3877.5284560397267,4.722570252023638,5.0174296843633055,8.145460327621548e-07
0.4133649176359177,5772.9158736765385,6.044595037446358,10.918930120514705,6.159951586741954e-07
0.757557580843568,1542.3384131863713,1.0843415626101196,1.017623599562794,2.730780398473143e-07
0.6289048454165459,7430.436379276216,2.768802960889414,2.816929427497089,2.4793379553593694e-07
0.40010496325790884,3189.490554854274,7.8072068122429785,9.308245809441432,7.483760707080364e-07
0.5227792631834746,9169.120303355157,1.4661530651878565,3.2197018250264224,9.478476607240736e-07
0.7882112275063993,4408.4868263453245,6.427016197315418,8.718316947417334,4.4555067974142725e-07
0.804761236011982,6441.324296407402,2.2497597233755515,9.842887335959821,8.612278024200349e-07
0.5043164313584567,1647.2168508917093,7.210637773798779,2.098594677345827,5.733033783733845e-07
0.34856353096663956,7906.3097117468715,3.54754003407713,8.187437277846039,3.4590744460001585e-07
0.6823591677844525,3702.1337542682886,8.585929004384205,3.9415699643548576,6.357125143986194e-07
0.7040988608449699,9625.419989228249,5.260987448029221,5.893095492469147,7.149553171359002e-07
0.4649104805290699,5428.316497243941,0.30072032136935745,6.049851573202759,1.6140103093348442e-07
0.589216994047165,7044.240802526474,8.982847618710249,0.1486471178289503,3.8598263305611904e-07
0.8617732963711024,2239.627697505057,3.943847799138166,11.98182231809944,9.41417565010488e-07
0.8535895179212094,9732.708341442049,0.6528776883985847,8.950365932881832,2.2878076336346565e-07
0.5973326467722655,4965.483067557216,5.692520596398973,3.1733428223710507,7.840195245109497e-07
0.4741627413779498,6864.648929797113,4.529134806642309,9.074681544434279,9.819218462333082e-07
0.6949154600501062,2634.6894335001707,9.488835168438964,2.861865029046312,4.281746317166835e-07
0.6742691341787577,6343.099731951952,6.857183539398947,0.8790574169438332,5.074547611176967e-07
0.3567216902971268,2101.535943336785,1.819370869744569,11.246116390675306,7.970669026020913e-07
0.5135254825651646,8077.387247234583,8.001786291618831,5.157499711969868,5.969467665534466e-07
0.795483324751258,3316.135806031525,3.0402556169778108,6.780509055238217,3.0882617169991134e-07
0.7789634153991938,7603.436723351479,8.155585622686893,11.651842085877433,6.84186140447855e-07
0.5319585490226746,2809.8099464550614,3.194040104248561,0.28963278083130717,1.8211127021349967e-07
0.40828435972332955,9064.028948545456,7.015852902457119,6.378316927878186,4.084437202196568e-07
0.6207933744043113,4860.333659686148,1.9780551883475854,5.750686026364565,9.091048636473715e-07
0.7483526425063611,8463.307562284172,4.375335736318492,3.990346303414553,8.835860734339802e-07
0.42263838224112993,4265.723401680589,9.335049824437126,7.952590757021681,5.408878228627146e-07
0.578852708414197,5886.5215657278895,0.49420799009781335,2.0513217812776565,3.152427306398749e-07
0.8701565662026407,1081.4277920871973,5.533837209025399,10.079146225331352,6.565272544045001e-07
0.8945786220580341,5575.903606601059,3.629806034988724,4.706835791077465,4.6277419761754566e-07
0.5564122733473779,1370.0796999037266,8.669435253916308,7.181948645943776,9.71711803600192e-07
0.4320966766774655,8755.800125189126,2.489460118795745,1.2807698959857226,7.444325995631516e-07
0.7369121932238341,3960.0447304546833,7.449174206914381,10.795542628569528,2.373496993910521e-07
0.6539245738089086,9357.068849727511,8.899283856447786,9.384002572977915,2.6332481978461145e-07
0.3769975282996893,4554.103693924844,3.861486142338254,2.5062440577708185,6.128825636114924e-07
0.5327595034986735,7293.36610250175,5.022432241328061,8.595020931912586,8.375808954704553e-07
0.7763186269998551,3097.910559736192,0.06088672288972885,3.4827566450089216,4.89877857454121e-07
0.8297814400494099,7806.279668584466,6.118505302817561,1.6131091305147858,9.250233146362006e-07
0.481209522113204,3574.054258875549,1.15697462817654,10.469618179425597,3.629477576818317e-07
0.35854322887957096,6596.077824011445,9.990492100832052,4.381094227815047,1.645136133302003e-07
0.6704659748077393,1826.5866367146373,4.9526794311776765,7.514470900353044,7.24708524532616e-07
0.7203666449338199,7118.1783163920045,1.393386200575158,6.676673893108964,6.462966232094914e-07
0.45055539041757586,2359.1927886009216,6.353086562371813,5.407518469197676,3.498509284108877e-07
0.6079493121802808,9462.15205732733,2.5385987218338997,11.308947417046875,5.49439248163253e-07
0.8411284845322371,5222.854182124138,7.578241629834288,0.5880799048487098,8.440042972099036e-07
