x1,x2,x3,x4,x5
0.4262889688834548,7707405.211506411,90.03894837298151,41.646944703534245,2925929.2110800743
0.5770482430234551,1838222.045339644,31.212231247154065,656.197560923174,4690441.969782114
0.9518604669719934,7260178.425836377,52.704035156996916,499.4832188356668,3266185.164451599
0.05159054324030876,3267066.6701281443,18.535464934568854,820.7311397511512,1101284.6492230892
0.2469972763210535,5149685.061244294,41.39599302972294,900.3832019306719,1747970.4730212688
0.7563953213393688,4125026.840277016,75.14971870047226,292.4801846034825,3885551.5867471695
0.6317033832892776,9971765.691357665,3.6828524506082756,568.8338402099907,4087279.934436083
0.3718181261792779,821660.2404499426,62.875586491395715,256.4069523848593,2295387.6331448555
0.2642428707331419,6375508.881818503,7.303961856368929,380.50281007774174,4910130.854696035
0.7392160072922707,2869370.376782492,73.11283918244578,941.8792588729411,2707872.9569911957
0.8639076380059123,8735948.363398202,44.58988091682363,170.28741505928338,1257130.715996027
0.1394217060878873,2106381.790309213,85.83864733379986,529.2414615023881,3109774.462878704
0.06932229083031416,8971104.591947049,61.4096033064397,697.8447370417416,3728715.516626835
0.9341918276622891,622959.7821105272,20.57606216200348,129.57887211814523,1903387.4161541462
0.5593794416636229,5986638.110642321,99.07413045088575,781.048181001097,2076661.929488182
0.4440205469727516,4511546.592353843,32.898855488987635,413.51468266919255,4306295.495480299
0.4985929736867547,5775372.284756042,69.17270804647077,614.3800343573093,1240120.6158101559
0.5048200553283095,4749454.296599142,9.592213906272313,209.14052851498127,3377715.528011322
0.8796337060630322,9346002.181529999,81.83726763613895,918.6157321184874,4579430.524259806
0.12389407493174076,197156.4978118986,46.914921144390476,279.77462470531464,2787551.127374172
0.178615253418684,8331889.137581922,24.44520487594232,452.2470073681325,2433773.4654545784
0.8247310910373926,2463964.844624512,59.00153519778139,866.3075463008136,4198283.8697731495
0.7000405797734857,6635770.786076784,36.7315438079359,28.971597207710147,3774028.9717912674
0.3034356301650405,2641400.1571591944,96.72688175476249,674.4603035133332,1609126.9962489605
0.3170151486992836,9597076.324678026,27.285082431780175,797.5884626060724,3220938.4962916374
0.6865205001085997,1247672.3436387256,92.28525165217742,399.11758229136467,1395600.352436304
0.8112106965854764,5360590.091595426,14.571480258292517,741.2152841687202,2568884.402513504
0.1921944646164775,3886757.7445097268,55.01153931463975,80.13750933110714,4798508.9384019375
0.012658541090786457,7000317.844218574,79.05015298120584,155.92052708379924,4417909.663170576
0.9908102778717875,3495438.8083787635,38.97649230573047,545.8119555097073,2215657.9941511154
0.6159964576363564,8111215.687314048,66.71515367635526,331.0916596930474,1764910.0311100483
0.3873572777956724,1480389.6450288594,1.2997584383673964,985.2800184022635,3617558.993399143
0.3994138836860657,7463178.5288201645,45.88013767582178,684.6485436987132,2320308.3015978336
0.5963108595460653,3332141.3746764883,86.29578440391086,14.86899214796722,4047710.76887846
0.9714906038716435,7640957.614015788,8.557598446615971,848.3396715205163,3971965.666860342
0.024104277603328228,1636289.690034464,73.63101061219257,474.03860981576145,1644954.7708034515
0.2036980213597417,9748783.006255515,98.02953773912881,259.05935384333134,1013869.6283102036
0.7919562263414264,775662.0690217242,32.58972719268035,935.4846160113811,3368248.56325984
0.6666552424430847,5196751.501839608,60.30397548999637,222.13658958673477,4666533.567011356
0.3288842495530844,4346636.110948399,20.303554779497908,605.2605726569891,2966439.116746187
0.28411582950502634,8494499.957191758,50.68164808402489,975.1673977356404,4328252.673149109
0.7114864429458976,2000417.6204288378,15.686061627299523,345.02806703560054,2038103.248924017
0.8367875851690769,6480404.782531783,87.9555269403737,563.6136915814131,1988851.211965084
0.15892976708710194,3112192.197419703,28.39944810863584,134.20436712913215,3628603.3429205418
0.10402870550751686,6246848.51791244,5.557230749776587,100.9888245165348,3025315.422564745
0.8915029186755419,4597213.648059405,65.47932575142384,724.2406273633242,1358191.378414631
0.5163234854117036,8886810.429183766,43.23375041508954,386.0158073157072,2684907.328337431
0.4793386301025748,361681.62716180086,77.81449306518678,806.843791604042,4947744.980454445
0.45601565204560757,9124545.595237985,13.319749880028887,234.57000182941556,1506080.6572437286
0.5396323204040527,150242.6670975983,54.495276332028205,586.7563668824732,3860473.4502732754
0.914811591617763,5820912.62654122,25.99673113971483,306.53750056400895,4158745.102584362
0.08070747274905443,4971979.226556607,91.83002377425227,890.1496726460755,2458663.497120142
0.15098581742495298,6837855.825761333,67.8219270081101,829.8656781483442,2828091.4314091206
0.8447137298062444,2708000.3645308316,1.5734091010326519,486.502234460786,4555491.484701633
0.7194122727960348,8266356.603390537,80.0958919533249,639.3438127357513,3479748.2900321484
0.27617347240448,2260506.9864960387,39.28676313714683,62.377351270988584,1152735.9932661057
0.35243777837604284,5622936.143219471,83.91954355343525,435.18549451604486,3517477.4564802647
0.6430886769667268,3972119.8784466833,49.726561002749015,763.2010968215764,1850343.4285521507
0.7683902997523546,9510646.517560817,71.19394885908068,115.59717567637563,2177068.915218115
0.22725028172135353,986699.110458605,12.440474678432567,707.9120686091483,4439897.477626801
0.031786682084202766,7869461.763352156,34.89188021058589,520.0012092012912,4836092.665791512
0.9637911953032017,1376561.7154892534,94.06019894291275,183.40426673181355,2545949.410647154
0.5886122426018119,7105519.262687303,22.568921109841206,958.8690513838083,1496691.6516423225
0.4070951724424958,3736124.3886752054,56.39588674556743,359.6666305977851,3136449.057608843
0.4202256789430976,5295839.855321683,21.83326894163806,754.1380528733134,4021702.3752629757
0.5822106534615159,4289451.6110299155,61.9101735674655,440.6230464950204,2344836.5330696106
0.957512753084302,9808448.860146105,34.15622878743335,716.9752858951688,1674366.7759001255
0.04503865912556648,679132.0263128728,99.57448650986143,110.15944298356771,3943026.624619961
0.2247557807713747,7542326.736309566,72.02650528970733,189.80961873196065,3343704.529106617
0.7776137180626392,1693932.1872172877,7.0230921189580116,509.9703652318567,1039863.1878197193
0.6524352421984076,7403360.344417393,84.7520992390113,353.2612159010023,2995361.402630806
0.35006474796682596,3428518.565384671,44.30917769822385,968.8999506738037,4637107.68148303
0.2698939647525549,8826743.140905164,76.23602279118634,596.0611653700471,2001856.7368388176
0.7326648384332657,457809.71399415284,41.67683296510949,229.3740863725543,4365979.3473780155
0.8578436328098178,6148009.026186541,63.96205710092093,880.8448114618659,3661448.150873184
0.14458530861884356,4654647.531222552,3.9634781839447095,311.73347134143114,1955533.441156149
0.09005295764654875,6540014.63228371,29.955006586304865,480.3386369999498,1320478.5995185375
0.9124391647055745,3015606.150572188,89.53836023074109,840.1381586398929,3061578.6761045456
0.5371372308582067,8593491.74218066,17.278026071669533,68.54112206958234,4981077.60027051
0.46524013578891754,1943136.552017182,52.20361353356763,629.0711515303701,2652078.3081650734
0.4729216629639268,8167403.576171026,37.71909330303873,334.99704972840846,3835928.939282894
0.5294388523325324,2317749.259889126,78.5497749432372,981.5729304496199,1532074.6935904026
0.9047395177185535,6778207.218240015,0.042574382776394484,144.23556515015662,2487586.259841919
0.09773512370884418,2804625.206396915,66.21460837452486,557.2079855296761,4129318.740218878
0.1681378073990345,5919713.397746906,93.37177776797301,729.6784780733287,4529483.567923307
0.8342779446393251,4914584.0266644955,27.56575994613394,91.92548921331763,2852619.1860437393
0.7090980345383286,9184651.6040368,56.0978981665736,801.4058855734766,1182147.5215256214
0.29344725515693426,54075.89699421078,14.852372719747013,395.0792053155601,3450809.7246289253
0.3421216756105423,7165376.13036111,57.91503888401016,25.14177137054503,1812631.1264932156
0.6603603567928076,3639708.4774468094,24.164557163612916,678.4846548829228,3553740.233182907
0.785540577955544,7968053.957787342,95.64060038809198,463.7657752726227,4473229.620605707
0.21681254636496305,1318957.938826643,36.45072883174475,854.5036230329424,2144240.3718829155
0.02171671111136675,9450941.868651658,10.849630790178663,930.2885272167623,2509702.4217247963
0.9808207107707858,1083267.9109368473,69.67310396565404,268.3643330447376,4873819.816857576
0.6055202037096024,5523886.584755965,48.17217076443508,610.4568421654403,3169294.3423986435
0.39690341614186764,4029265.6205957755,82.33787850242294,212.83143704757094,1463373.4039962292
0.37715648859739304,9914408.075885847,64.41738816835546,405.2806486748159,4724491.268396378
0.6175152640789747,920575.999867171,5.251928940266371,787.3165131919086,2893329.557031393
0.9922059373930097,5053022.988825105,76.75238821825664,73.9746236614883,1063801.221549511
0.0023362813517451286,4184560.1429687813,42.92866355268005,751.4870602451265,3303165.1116907597
0.1976186828687787,7317688.334571198,16.967652050743812,536.5059178415686,3918137.4795734882
0.7971044955775142,3168303.725462407,51.15777509719226,161.11768172122538,1713904.5372605324
0.6722911521792412,7803609.845398925,29.681253479180857,994.5860007498413,2258392.971009016
0.32231789641082287,1778230.782632716,88.43148668967933,325.894567752257,4124747.6786375046
0.30483235511928797,6082939.27577883,31.308059283972717,202.73582560941577,2736566.8453276157
0.6897177314385772,4451651.86089091,97.5533332406981,624.4102292321622,4879987.321794033
0.8145309053361416,9028670.54206971,19.021719606928528,286.1792722903192,3084512.796252966
0.18013297952711582,524252.8788326308,59.82798593866638,908.5855999402702,1282895.8630561829
0.10966580733656883,8639494.867749512,87.35765642252565,875.371947446838,1933546.6176271439
0.8849358502775431,2166123.6697714776,46.18537392087839,446.8080981913954,3700036.358088255
0.5102448621764779,6318400.407471694,74.69309757790808,665.3960830811411,4280546.970665455
0.4844857072457671,2968535.2773247287,8.86266742781084,34.41033304668963,2101937.372237444
0.44555473141372204,6692840.577152558,95.12232874903827,947.0762327965349,3410300.9440004826
0.5491937920451164,2542273.9771371707,35.19698979703895,371.1969457473606,1206055.1568865776
0.9238849459215999,8428381.316501647,57.45780234964285,524.044660916552,2750556.942075491
0.07073308993130922,2404184.244642034,22.874197215105408,179.59309867583215,4616897.791624069
0.1253308830782771,9288475.026425906,48.444778356247575,119.30721405893564,4232333.645224571
0.8693469958379865,295824.643320404,83.44360876332503,704.0075046941638,2401173.334568739
0.744534133002162,5679032.324600965,11.158858550742268,423.7862780317664,1571643.091738224
0.25002866238355637,4809387.785831466,70.71779986692034,774.8854686692357,3811009.395867586
0.36151041742414236,8014972.295652144,2.8552692327974363,650.7589431013912,1425760.03074646
0.6331154862418771,1540419.702754356,68.29793928348366,50.71104711852968,3192258.8609158993
0.7579281870275736,6942846.693253145,40.56840906686149,826.1696948762983,4772759.936749935
0.23681246861815453,3594162.9580259323,80.5720707475096,490.4191717412323,2594160.322099924
0.05690782703459263,5457290.884534828,53.43321209035627,302.510198764503,2244351.4056503773
0.9376475773751736,3827185.758546926,13.014705858029425,893.978672362864,4387766.607105732
0.5629561161622405,9654395.21962963,90.76812605139148,246.3771115615964,3592297.8036105633
0.4317291537299752,1148795.2674925327,25.691472915665248,575.2381890639663,1790674.701333046
0.43509532138705254,6440462.079549208,55.545532545990305,168.2554973103106,3961058.0764710903
0.5702248308807611,3071029.509369284,15.496284198773091,535.3671284206212,1671121.2694644928
0.9450387069955468,8449078.272662126,93.22224015031941,374.72481997683644,2371748.123317957
0.06039664801210165,1956215.92096705,27.831257240589707,943.533283714205,4011285.714805126
0.24011376593261957,8838246.776515618,0.6681814584378153,779.5603243727237,4642405.189573765
0.7651396756991744,314337.959561497,65.69276598729566,419.0962921548635,2975552.9649555683
0.6404494158923626,6205012.886217795,37.941872375770465,691.6435391176492,1052149.698138237
0.3649343941360712,4554158.031296916,78.4063467405783,131.65610847063363,3314709.823578596
0.25741991866379976,7603459.574565291,48.04705292554572,501.3187246210873,1952880.9413313866
0.7480228273198009,1597571.6655161232,82.57896793892421,815.2550081349909,3680564.7052824497
0.8727132752537727,7429959.153414704,10.321684948359614,47.470281068235636,4354934.990406036
0.1325994860380888,3300141.984338872,70.29260758672562,653.9846342988312,2027656.1640203
0.07806713134050369,5165281.86930716,95.88778731877822,571.2129350472242,2630909.752100706
0.9273088108748198,4316386.4634837955,36.28288085032161,250.38723540492356,4985507.08591938
0.5524952160194516,9714264.97551892,58.56505381762609,905.7838025409728,3033909.399062395
0.4527660934254527,739924.0532172844,23.618294997619465,290.6899974215776,1333606.0717701912
0.49171281792223454,9464000.080068596,84.90163685666491,739.1232089977711,4150251.381099224
0.5135620348155499,938832.687898539,44.04368040376808,86.32339636795223,2483392.9277956486
0.8883744841441512,5579335.868980736,72.57887091029063,791.9914832245559,1559995.3830242157
0.11701461765915155,3929739.5892757922,6.379180639931932,400.5905410926789,3822550.293058157
0.18741730507463217,7064898.848165758,33.93344971470162,329.4223202764988,3453210.0968062878
0.8179129073396325,3696723.9592215046,99.71791471252031,991.0431659966707,1163283.333182335
0.6932212207466364,7824565.217729658,21.20766186597664,149.77995865046978,2863900.650292635
0.3122384063899517,1330445.1847989112,62.432015954694705,547.8284996747971,4503447.271883488
0.32575664203613997,5791357.974234037,17.805971913488584,920.390608413145,2138690.497726202
0.679639850743115,4941204.58918158,51.584109912496054,274.35918527655303,4493290.185928345
0.8043317329138517,9088265.15690796,30.080124425194224,620.3848535101861,3541690.591722727
0.2009357288479805,115182.21383541822,89.29727079423982,206.7460637819022,1841388.72474432
0.005839897319674492,8228183.3853451535,63.31204216730501,31.169681325554848,1445105.7985424995
0.9996118620038033,2223553.7535184994,4.509740349938162,668.6216525733471,3172775.764018297
0.6247997013852,6805159.056318924,75.98883586050012,457.7077654004097,4847159.400582314
0.380538378842175,2674083.610020578,41.844680946532634,864.4571390002966,2519867.669790983
0.39252967666834593,8696014.600218274,11.424355845198034,561.8990335613489,3292753.9944648743
0.6050564171746373,2065226.8500877544,70.56826224926672,139.55964729189873,1090706.9109380245
0.9802354332059622,6330078.257486224,49.088689835273655,969.2232099175453,2890089.5938277245
0.01722124218940735,2825160.9294917434,82.89124314274173,347.36184142529964,4742516.819387674
0.21250364743173122,5938084.589750506,57.31437414698395,383.7575639318675,4095743.2575523853
0.7851339876651764,4464214.248503558,23.09697628783714,812.7426608186215,2270688.8392567635
0.6598323090001941,8929258.828476071,94.60048636180908,95.4673761408776,1694086.3840281963
0.33769108075648546,579892.841598019,35.82259687270037,726.1516659986228,3923444.3455934525
0.2928618509322405,7222691.7101358995,91.38762967246305,850.4924370348454,1308685.9323084354
0.7046026922762394,3228358.7773861364,25.163527073846197,467.7920914441347,3073478.154838085
0.8299040934070945,7674174.512350932,53.67430152685753,690.3056823462248,4899094.518274069
0.16767413262277842,1806212.523225695,12.889588019140064,13.335815072059631,2733924.061059952
0.09720696415752172,9940303.806654178,40.02214690086804,223.74529766850173,2115070.7453489304
0.9003090346232057,791419.5327879861,81.22208568112552,599.5581154059619,4252872.15039134
0.5251298267394304,5115159.282678738,2.6874212513742965,265.13970400206745,3704471.744596958
0.47251519933342934,4089279.8846699297,68.5451262141699,933.5282311122864,1912372.5183308125
0.46481890697032213,5313933.522326872,29.03734200015478,113.70145161636174,4603528.264909983
0.5328134400770068,3838879.9981996417,88.98385231026262,713.4483594913036,2778467.6775336266
0.9079929292201996,9553486.182215624,16.702154756288046,429.3015268165618,1201870.9443509579
0.08950904570519924,1205303.3782178536,51.30731271484587,765.4747137892991,3431223.6309051514
0.14410683512687683,8070586.332989857,77.27423060548585,956.5501158125699,3784966.9605493546
0.8534549828618765,1440981.4677461982,42.30305647701863,365.6261293031275,1582929.8608005047
0.7281537773087621,6955430.238398723,64.56081637101434,514.6612989343703,2382303.0069470406
0.26929284166544676,3449330.0255173817,5.029149867534637,185.13382257893682,4234739.322215319
0.3456184007227421,9316439.781393856,74.45200814140681,308.50872796960175,2622912.6155376434
0.6518914420157671,166372.920634225,8.9877852667002,884.0846370626241,4760716.434568167
0.7771923625841737,5739099.594254978,86.73815280145406,240.28783266432583,3212314.121425152
0.22043211665004492,4714402.783139609,46.71331976269744,585.1625603158027,1420216.2958681583
0.04052747134119272,6597586.244281381,19.189567588351668,640.8923006989062,1800849.9033749104
0.956911756657064,2604436.792405322,59.58079900798015,56.735051441937685,3565628.26782465
0.5817320682108402,8299203.691889532,31.854321449966168,836.1270943470299,4391257.982701063
0.41583714075386524,2430058.221890591,96.90331830708217,484.36483884230256,2226074.680685997
0.4133419282734394,8989342.82301087,37.369357792777,878.8884265627712,1119142.4056887627
0.59095667488873,483705.17470594496,96.16841863999423,317.81382150016725,3262838.4567797184
0.9662571186199784,6036902.6073254645,24.704604676213116,590.3587081190199,4717485.040426254
0.03815516736358404,4406835.177505389,58.845900085942816,230.98279445432127,2915594.454854727
0.2335618967190385,6270451.738727279,81.32152274309472,67.00794499367476,2300587.7546966076
0.7707919767126441,2921806.593648158,47.54662571423687,634.7282901778817,4067293.9866781235
0.6456118114292622,8597044.252131134,69.03537733799685,474.0921186283231,3897923.815995455
0.3588710892945528,2122453.0690852553,9.821090473189019,842.290924154222,1719103.4331917763
0.2786395223811269,5016130.546505563,66.9501336978618,718.8863245304674,3107299.4731366634
0.7257806314155459,4146447.7155813947,1.1685311844833193,104.63799460791051,1276344.656944275
0.8509605973958969,9880583.103349432,79.6635471872827,760.0369220878929,2696700.9343206882
0.1533301379531622,887971.0123986006,38.4424370489167,438.36480311118066,4935844.56294775
0.08323071897029877,7772745.809997432,14.409741691864095,355.5949902907014,4285228.14065218
0.921244790777564,1748586.732299067,55.2648356603207,962.9557628557086,2081265.1105225086
0.5459440620616078,7282564.706703648,26.74492968078144,195.16489889472723,1875636.2348794937
0.4584172023460269,3131960.112527013,92.94137600078807,508.25570721179247,3741711.5084826946
0.4817244280129671,6895594.80762668,3.4234526503374796,461.6283796541393,2808367.069810629
0.5226194746792316,3545691.087331623,63.03122160323429,860.7650392316282,4575078.517198563
0.8979213526472449,7971977.469547652,40.75817904488183,19.49947154149413,3405702.6244699955
0.10653718654066324,1498644.8617177084,75.70818181524054,680.0331428460777,1226888.470351696
0.16125836875289679,9613169.356973842,52.841365865470834,608.8630355987698,1611364.8787140846
0.8430187338963151,1108789.3899045885,18.306588367652147,218.54926788248122,3755051.899701357
0.7178400028496981,5412999.787046574,90.55469326602575,924.2234916333109,4209708.020091057
0.2865670807659626,3781674.6759908274,30.580526677307674,270.3355604503304,2407807.3911368847
0.3353027952834964,8398211.53127402,98.46073624480888,145.96512099727988,4793071.947991848
0.6691636117175221,2372794.474346563,33.4329107458014,551.8680752627552,2589107.45754838
0.7943421509116888,6657175.271742977,61.174623284933155,340.95654843375087,1383480.4892539978
0.2099938839673996,2507828.6567954347,20.70728941588756,979.2539948783815,3249553.40847373
0.030457964166998863,5640243.973635137,45.13003366782237,803.6795025411993,3599450.0629603863
0.9739417284727097,4771819.419933483,85.18252298518922,389.19523761607707,1768508.1511735916
0.5986395729705691,9256393.38990394,7.465700422797352,735.214768955484,2188851.0771095753
0.4056449206545949,262523.02173059434,72.85954283676483,90.02976515330374,4428008.504211903
0.38596330862492323,6108690.246930346,79.94025684148632,284.3890851084143,1634614.3521368504
0.6106923120096326,4614107.574924827,39.54616293741762,913.9862005505711,3999014.5191550255
0.9853837173432112,8780697.532649152,67.26346389334184,196.71610862948,4044358.3987653255
0.01114191859960556,412985.28277967125,2.21122308587376,626.7893240693957,2338171.8397140503
0.19073566608130932,8545553.205212578,26.225607706631532,663.1831564567983,2937581.6732645035
0.8058493360877037,1896419.1920906305,91.69269306577836,40.23366941139102,4678896.319121122
0.6810366986319423,6497553.884888999,13.951454449875278,869.8958158306777,3348272.2118496895
0.31543367076665163,2971924.226135947,53.97953143898397,448.64360397681594,1019060.2727234364
0.29800894297659397,9771567.741576582,22.03486585302744,76.0518600139767,3654326.5283107758
0.6985240839421749,641029.7307018191,57.009280951644286,745.2858623210341,1977669.5929467678
0.8233370101079345,5262003.559035249,34.76065295670181,410.8622581604868,2057326.6670107841
0.1733112195506692,4256836.491785012,94.29517896441929,785.8286565635353,4325768.087059259
0.11841016169637442,7372504.05684486,71.85007320769131,996.2400255911052,4960735.190659761
0.8780523398891091,3398883.454853669,11.900321927433833,320.1165776513517,2657161.809504032
0.5033611301332712,7507195.3606130555,84.1728398991162,542.6315847598016,1362788.7777984142
0.49323173984885216,1657579.634479247,49.56482243632059,159.0857639722526,3004253.7301778793
0.4386740820482373,7920791.940384544,60.862438604764634,824.3192875757813,2445422.112941742
0.5579352853819728,1270474.7443823144,19.6657407946568,495.8799297735095,4186742.0338094234
0.9326262101531029,7122391.436032951,98.18517285096739,644.9202921614051,3856112.204492092
0.06385412625968456,3597944.960160181,32.33032739240955,52.90913123637438,1526906.4344465733
0.13413246721029282,5482651.782297529,7.92589387676958,243.98264682851732,1126775.9390175343
0.8625283520668745,3989251.995178871,74.1467555052368,581.243008216843,3491167.016327381
0.7377152340486646,9406659.71096605,45.651261108905075,297.0947593357414,4536520.432680845
0.25883190613240004,1037764.576209709,86.43311511238478,895.7535486575216,2830323.88985157
0.3702523969113827,6748029.685183428,43.364977668973616,526.0612050816417,4468517.813831568
0.6262353304773569,2773226.4962987974,77.57951304368022,173.4525302425027,2164943.0319666862
0.7510487297549844,8131746.018590406,6.091286006590352,952.8393803909421,1870571.9076097012
0.2455532466992736,2283312.8793500364,64.86593154534698,369.527606330812,3512034.446001053
0.05008964333683252,9145851.929320954,87.70223059469275,425.25923683308065,3146538.0638837814
0.9464496290311217,16497.399319894612,28.561186675064267,769.2884892877191,1469893.9733207226
0.5717588923871517,5887643.0849749595,50.025523735414254,125.49310109578073,2549537.6959443092
0.42490979470312595,4881292.536851019,16.22621437829826,701.9154295232147,4817992.974072695
0.4228919818997383,5870973.472657613,39.719655329124066,449.6862056944519,3322574.954479933
0.5736474525183439,4846315.1399428025,79.77214464649093,870.5148980859667,1060016.2595510483
0.9484672890976071,9174651.065869257,2.0431144298687576,37.28821926750243,2983295.548707247
0.04820117633789778,24545.72670906782,67.43695684383623,660.5393140111119,4650150.157511234
0.2435430632904172,8157722.244831733,91.46965778876842,627.3178410343826,4003525.3688693047
0.7529449192807078,2288538.966917433,26.44183228976093,197.90969675406814,2363990.1615679264
0.6282453611493111,6729148.0863224715,54.19575248312298,911.4934625290334,1663239.3300533295
0.3683563005179167,2736036.442361772,13.72841861407738,281.352951657027,3953177.5675714016
0.26084205601364374,9382515.56690503,56.79292319071851,158.1942851189524,1341364.0335202217
0.735819018445909,1034370.5708226189,22.258145692899824,541.3175600860268,3041669.7449982166
0.8605182878673077,5494818.97475943,94.51845824550372,322.97145144082606,4993387.594819069
0.13602853752672672,4019727.64271684,34.54429165678564,999.3974217120558,2638791.6915118694
0.06587190553545952,7136008.422364481,12.068662666703574,784.4240370951593,2019789.6026074886
0.9307376239448786,3629869.731082581,71.6764316196004,410.1217952184379,4347069.8595047
0.5559175917878747,7899927.7540408075,49.391181407017626,748.5943923704326,3672819.7373449802
0.44056252297014,1270361.3671977073,84.34118417737633,78.8160209916532,1945138.357579708
0.4951197039335966,7532330.928787589,19.83309061661642,898.7901523336768,4511314.190924168
0.5013429597020149,1664406.8220760673,60.688184585073024,299.58702344447374,2871765.185147524
0.876164230518043,7354615.688682534,32.15607095130346,580.0498903170228,1171027.7050733566
0.12042841780930758,3360244.8735190555,98.35251727131009,243.45365595072508,3460953.038185835
0.1752068130299449,5246785.454049706,73.92976743149572,55.552503457292914,3814791.7352616787
0.8213264690712094,4220867.652138695,8.148164918117224,647.866216218099,1552235.3947162628
0.6966283451765776,9798762.798161246,86.6553885751469,495.2603772934526,2475512.7765238285
0.3000195696949959,649916.9281972572,45.4342784367809,823.2771597709507,4142368.845641613
0.31353805121034384,6510942.291641608,77.35699483179302,699.1507946327329,2527627.658098936
0.6830472061410546,3006063.36754933,43.582097802935166,122.18504127115011,4854917.958378792
0.807745048776269,8525070.171079598,65.08305708092544,770.0284783169627,3180658.2994759083
0.18872500583529472,1894244.0170468763,5.868770216117613,426.6643265262246,1452985.9498143196
0.009253928437829018,8758612.206513062,28.735592498817482,366.3706841226667,1833524.189889431
0.9874018542468548,409208.33722129464,87.5346533460347,949.9840363766998,3533823.672682047
0.6125803953036666,6118646.048835479,16.05863172802329,174.76702882908285,4485547.244548798
0.3839450189843774,4644813.590002246,50.199927137752994,526.952213710174,2130946.1258351803
0.4037493010982871,9220348.82267937,96.34133715646901,844.9649955984205,3931187.5253915787
0.6006500804796815,247228.07169146836,37.200293236840515,477.43031709454954,1701830.9943377972
0.9758374411612749,5649664.616604336,58.67683646131958,633.8977081980556,2278553.6125302315
0.028447303920984268,4799549.039467238,24.87752710420359,65.6330234464258,4103610.4150116444
0.20810589380562305,6663772.967156023,47.322638448811134,234.23042763024569,4734634.522348642
0.7963602878153324,2532735.999258235,81.53717382351775,593.1837659701705,2882209.6809744835
0.6710516950115561,8359955.014755018,10.03674062229879,316.5900043770671,1082947.1610486507
0.33328450564295053,2355286.9045278057,68.81138616105542,877.9671612754464,3284995.675086975
0.28845504485070705,5408231.752617285,0.9531257844986394,505.12851058505476,1920252.4311840534
0.7158218324184418,3758596.994511783,67.17398741296586,192.7028029318899,3712354.04163599
0.841130624525249,9644713.888290338,38.66628685250505,964.0583173092455,4260630.469769239
0.16327662486582994,1119584.9745208398,79.44814085598476,356.15411981008947,2122830.495238304
0.10843278001993895,8004971.7574846,55.4337499022968,435.8121123537421,2726179.450750351
0.8959108116105199,1510889.532469213,14.237052092188968,757.0607413724065,4891351.338475943
0.5207237359136343,6894106.768163852,92.76869031262864,105.34825805574656,3065610.997378826
0.483735054731369,3525894.0713042393,26.913844854070806,719.8981661722064,1300821.1590349674
0.4604273522272706,7288325.357220136,63.197997549962246,271.2572959624231,4242484.528571367
0.5440478464588523,3158469.784242101,3.2482462697047736,925.4468348436058,2390045.829117298
0.9192347265779972,7735478.911006823,75.53297040551621,215.7246802560985,1590796.660631895
0.08512678928673267,1729629.4058598578,40.92495294272061,605.61492851004,3792832.3298692703
0.15534791722893715,9845986.504784785,18.08864830549527,681.4075941685587,3423343.3604240417
0.8490720111876726,871683.4648968652,53.06306340411212,20.330527434125543,1193989.2433583736
0.7237629378214478,5023950.648183003,30.802229245040564,857.4263705406338,2770709.954202175
0.28052796330302954,4175017.359945923,90.33675525275804,458.9547821227461,4595768.15739274
0.35685327649116516,8629808.805764653,33.21134489485528,89.01744959875941,2233956.3816785812
0.6475003715604544,2136908.571655862,98.67843025400211,734.5049757324159,4399138.253182173
0.7728096367791295,6269346.0061997175,20.92498547396995,392.17094441875815,3573388.3753418922
0.23167342972010374,2899951.3184335083,60.953062463078645,806.2326635234058,1808607.6267063618
0.03614498395472765,6034194.620043971,85.3575023116488,978.6953392717987,1412473.4736979008
0.9681533081457019,4383378.1690252945,44.963408407580104,339.8535237554461,3204568.9150691032
0.5929667055606842,9018674.734547734,72.69291552763339,554.3306451383978,4752851.065248251
0.4114458318799734,494727.5136914104,7.64067472016532,149.09184739924967,2615045.815706253
0.4177251309156418,8302673.648349941,70.3947678086711,729.067420065403,1726863.7791275978
0.5797139313071966,2454278.98751013,11.592465991304255,98.08048985898495,3905681.7777454853
0.95502367336303,6567187.2183019295,83.0593538476359,811.6703925281763,4075175.926089287
0.04254576098173857,2592345.5510167405,48.91519893366843,383.10772344470024,2308468.2635962963
0.2223277362063527,5707098.201774061,23.320013613736258,349.8843640368432,2907729.32395339
0.7751818550750613,4700709.84573476,57.09815161274373,972.2899835836142,4709618.479013443
0.6499957293272018,9316477.207505144,35.6063737796722,139.06094442121685,3255095.87302804
0.3476290609687567,187160.48541944474,94.8235201487178,560.7360561471432,1111397.4377512932
0.26739724818617105,6990484.256865457,25.37988688366115,930.6427466124296,3749578.069895506
0.7301643183454871,3466075.5889080465,91.16435188147985,261.95249378681183,1883501.3657808304
0.8553507216274738,8062613.956674002,12.666306689166463,600.4189540445805,2089010.078459978
0.14209620840847492,1412258.9527564123,53.890660777884534,225.0295377522707,4292970.724403858
0.08762108162045479,9548184.143574908,81.05374289296661,10.05804325453937,4928086.60119772
0.9100110996514559,1179250.5304180086,40.19578644006978,687.5711879413575,2688940.5883848667
0.5347015494480729,5351046.95470538,68.71876929236204,469.22743964008987,1268464.1480445862
0.462800650857389,3857685.6459872797,2.5190790220033374,851.2625960540026,3099417.5337255
0.4704974200576544,5081096.688325517,88.81650639981869,186.2972739059478,2415565.948933363
0.5270184129476547,4075967.503488995,29.211599931362084,515.1595315802842,4217468.00839901
0.9023267282173038,9942555.007269606,51.48156524443626,362.55982954986393,3762932.050973177
0.09531852323561907,811979.1139811277,16.53480642442964,954.0271229762584,1619247.4141716957
0.1656639827415347,7677875.432337634,42.520040639244016,766.124080363661,1219021.551311016
0.83180030900985,1828221.302301623,77.05195565262251,430.37426533177495,3397838.0896151066
0.7066127564758062,7191909.147998318,4.80688031628821,710.8347718603909,4567334.145307541
0.2909657806158066,3218326.9499093294,64.7778029546542,110.78616777434945,2800624.128431082
0.33970126416534185,8922507.666450925,9.21029956707172,483.59420959837735,4435873.039066792
0.6579361194744706,554833.8204836473,74.23488409592956,834.6922200638801,2196717.996150255
0.7831239569932222,5976799.718145281,46.49619813863467,59.46907562203705,1776251.0925531387
0.21439974382519722,4482178.642237559,86.96067250344251,644.1705464292318,3607194.434851408
0.01923905499279499,6365970.550072379,59.40639709574263,583.8787904568017,3241793.420165777
0.97834687307477,2840303.008905612,19.357148748525418,239.42652011290193,1375721.9314575195
0.6030387571081519,8687051.377151161,97.07089704584143,887.2723175026476,2581224.922090769
0.3944181436672807,2037955.246442929,31.679914136111737,311.39373855665326,4785191.796720028
0.3825485622510314,6828312.688871287,15.323363260883836,132.45699437335134,1026942.5697624683
0.6229035118594766,2678928.2660083845,55.71459468051232,692.987731937319,3356152.1247029305
0.9976018313318491,8217464.422287419,28.00032328662742,416.39255413785577,4686656.069010496
0.007735993713140488,2192085.1732753217,93.04932014374342,776.191367674619,2945339.9926424026
0.20295354165136814,9075943.864597939,65.91675567413587,944.7868854273111,2330428.659915924
0.8024431727826595,82111.97482515126,0.45253279942926017,375.67672547884285,4036613.7884557247
0.6776221906766295,5811079.039188102,78.19069417005404,532.1493093390018,3991149.7458815575
0.3276451090350747,4942616.00708589,38.16586113129742,165.46105016954243,1626747.1946775913
0.31022062711417675,7839936.789327301,82.79437576032336,289.55683225765824,3011998.34048748
0.6951098069548607,1366565.7030967996,47.82320163185614,905.1948589272797,1370531.9575965405
0.8199306009337306,7037245.179705322,70.06875536172278,253.48379181697965,2665028.966963291
0.1855288641527295,3687379.9378108233,10.537088858243077,573.6452464200556,4968599.963933229
0.11500446777790785,5554352.575444616,36.11396418693103,653.3051290828735,4317888.174206018
0.8902706997469068,3923065.2723042294,96.06047449703887,46.488105999305844,2049444.3699717522
0.5155720990151167,9481431.028328836,23.790983107193373,817.8384276200086,1969911.2735688686
0.48981674760580063,977013.2533442229,58.396141065751195,504.3246014136821,3646566.778421402
0.450870499946177,9699886.020008475,43.87690799603052,550.6234207283705,2838204.1603326797
0.5545057570561767,707235.52515544,85.07684677628801,152.99730750732124,4544402.1336734295
0.9292045496404171,5187213.170093484,6.554388510665857,990.0917344074696,3498924.7396588326
0.07605650462210178,4317568.743071519,72.41209347346145,328.16824833862484,1134536.0465347767
0.13071152195334435,7453340.136323124,99.9358512356868,403.9590238779783,1519161.2280905247
0.874731445685029,3302773.424560204,33.711748637069945,794.6956914663315,3848369.3823218346
0.749910936690867,7592360.688519664,62.210316925952206,84.97872963547707,4178875.233978033
0.2554016625508666,1568163.7284075841,21.425603418234736,738.3227933198214,2437556.743621826
0.36682238429784775,6178579.240074381,51.80567222445178,861.4507919829339,4825735.796242952
0.638431278988719,4548473.9278405905,17.58827436530497,455.12481982819736,2557282.902300358
0.7632515924051404,8857280.65001499,89.07957827514782,669.603357417509,1477759.3426406384
0.24213205557316542,351680.88412377983,30.30168878603913,31.849660454317927,3154404.863715172
0.06229226756840944,8465289.2731037,4.334764562468976,204.31422263383865,3504152.7450084686
0.9430281994864345,1990736.493960023,63.47867096653766,617.2878231853247,1862691.6371285915
0.5683291181921959,6411816.409613006,42.01130471667368,274.9485991150141,2157182.924449444
0.43710598163306713,3063132.860631682,75.81385802414175,921.523299664259,4460760.090500116
0.4297108678147197,9681590.83495196,5.426377976954915,324.94267700240016,2287507.124245167
0.5648441957309842,1157681.9062503055,64.2498511524303,993.3323842845857,4079397.9950249195
0.9396657180041075,5442072.22081162,42.76112411534041,163.91211410984397,3877793.624997139
0.05501983314752579,3791217.4776382744,76.92683185332828,539.7237516753376,1740210.1270854473
0.23480181209743023,6924957.691854797,50.93530903884768,750.1428821776062,1109029.6171605587
0.7598238959908485,3555525.00992734,17.184827318450438,73.173723006621,3273927.7482032776
0.6351259974762797,8040108.497062698,88.64866437880043,790.6854551378638,4698308.531194925
0.35961479414254427,1547246.2571151555,29.458792822453194,407.9844014439732,2933794.341981411
0.2520392928272486,5688988.759742118,97.33640030070208,35.39249336346984,4298552.9117286205
0.7426383905112743,4840093.167672865,31.530382478863,666.0756030492485,2068916.9615507126
0.8673364585265517,9266389.067053795,60.050314535173584,443.8022361509502,1895522.2852528095
0.12722647283226252,292048.3309980482,18.804789088346997,872.7885132096708,3720848.9552140236
0.07275134976953268,8407897.723631002,46.3527639755709,909.1745288018137,3117656.4022898674
0.9219968328252435,2402009.6283359453,87.18344561576936,287.3124522063881,1265011.2248957157
0.5471756253391504,6706229.542642832,8.688451219437644,621.9779326114804,2715633.302927017
0.4474426917731762,2576412.5598128885,74.86048521118612,199.6392544452101,4917888.816446066
0.4863741444423795,6299519.367348403,35.365290303575804,772.1812456753105,1601244.4607913494
0.5082271723076701,2931344.664650038,94.94864394801203,420.4178099986166,3766148.8205194473
0.8830472603440285,8665470.535253175,22.70051595306955,704.8079351242632,4190523.8814651966
0.11168359033763409,2171350.3160765395,57.62610341496765,120.65186603926122,2426014.9076581
0.18202904611825943,9057469.045381993,83.22719586865418,176.3757350668311,2795294.0687537193
0.812520844861865,532301.8394578248,48.668006042577325,521.249754615128,4587174.896150827
0.6878215121105313,6066270.296697505,70.9410240142597,372.45103243738413,3385580.062866211
0.30684250872582197,4416673.830746673,10.942445097283459,948.0276496335864,1247987.5348508358
0.3204217962920666,7782746.292291209,68.07485185293109,578.3352341409773,3609814.6215081215
0.6743011865764856,1778116.772212088,3.0714386821817605,248.80893795751035,1757167.0897305012
0.7990006813779473,7331304.687666707,80.78823963810596,892.8459663596004,2207791.0751104355
0.1956085031852126,3200229.1296208277,40.34531809731852,301.92079967819154,4410045.128315687
0.0004478106275200844,5065189.62254934,13.18815503680054,493.0021320655942,4806389.089673758
0.9942236011847854,4215036.349244416,53.26505966262798,829.1760271415114,2576766.937971115
0.6194038204848766,9890264.490562491,25.523321046724917,50.031053237617016,1403358.9102327824
0.3751386795192957,917181.4357424155,90.94157876915298,649.7772530093789,3228698.4845995903
0.39500731602311134,5531706.053197384,62.08519312665797,965.8331917598844,2958680.797368288
0.6075302381068468,4057835.8981963247,21.66668689433113,350.73867853730917,4658773.817121983
0.982716896571219,9416345.903323032,99.40789943346289,511.1333278939128,3360368.650406599
0.019706531427800655,1066979.7301990911,34.33124629773665,190.30833635479212,1005987.3312711716
0.214924075640738,7930787.617534399,6.801581401756964,107.54634401760995,1652821.9282627106
0.7875582417473197,1300000.0536497682,72.2442514524432,714.059517076239,3979830.44013381
0.6622489131987095,7171136.222139932,44.526928890051316,441.27287223003805,4055455.3791880608
0.34010386653244495,3666218.707899563,84.53059057069943,755.2103359159082,2328051.48139596
0.2953356923535466,9213982.956836,41.45894505649525,631.8056311830878,4939880.207180977
0.7070803446695209,65098.79471734166,76.4577754635727,71.81890863925219,2677040.170878172
0.8323893547058105,5917005.969203077,4.18523290522024,839.3680143728852,1350448.1986165047
0.17015559040009975,4891126.459446736,63.7441742213983,478.9032740518451,3017570.812255144
0.09963119029998779,6777102.1189484745,89.70517939040437,314.9206668045372,3636363.0928099155
0.902729457244277,2782769.2979462445,29.779840438405053,883.7303107138723,1996609.5313429832
0.5275426330044866,8200167.496568523,52.028445336778645,228.08986104093492,2045985.545963049
0.4749318165704608,2332205.3956957534,17.444840202241206,595.2003119792789,4336132.58600235
0.46725076623260975,8555234.592425637,78.71864597227797,394.0064520481974,1144975.8857488632
0.5352414883673191,1925629.6154344454,37.546363470630716,800.7565337512642,3471990.566700697
0.9104286273941398,6546612.960932776,66.0418794734301,94.8407878074795,4547609.783709049
0.09194854740053415,3040512.859798968,0.2114493233328685,732.2920509520918,2820211.160928011
0.146603568457067,6157430.227893405,27.350302392606622,556.7097381316125,2466528.8664400578
0.8559555197134614,4682376.5920186415,93.59557634933199,143.0721285752952,4166611.9024157524
0.7306466717272997,8790698.01494293,15.07617036979273,984.0959380380809,3868216.272443533
0.27178192511200905,442515.3226926923,55.88243670153059,338.06333472952247,1513825.8635997772
0.3480464620515704,7401871.746216901,23.94051476444211,213.69276435114443,3128582.2577774525
0.6543233217671514,3408722.108094953,58.130637810890555,611.7405972722918,1488826.2823224068
0.7796318586915731,7575321.582984179,36.666323847109446,265.4793077055365,2538204.2042911053
0.22286778688430786,1706176.299231127,95.41655705760792,927.1008615288883,4828349.843621254
0.043028002604842186,9839994.024698623,69.84598224939592,855.9385120682418,4447655.200958252
0.9594084620475769,689926.9776931033,10.680523021306842,464.53638976439834,2184829.0227353573
0.5842211646959186,5291071.187656373,82.16877464506682,675.2063944004476,1858223.6990332603
0.4183300556614995,4266374.562786892,48.34504997949022,22.407761942595243,3525359.157472849
0.40898364316672087,7074737.259287387,86.12133927873802,602.4355000536889,4629362.713545561
0.5865945788100362,3726092.002460733,46.04767860326264,218.88897116295993,2987618.8188791275
0.9619026388972998,7873162.124601193,73.7985461380165,936.4058960508555,1031996.626406908
0.03380449116230011,1398571.0533028468,8.383150900028644,260.2831562142819,3335839.3982052803
0.22914638184010983,9512897.084940225,32.81218933950923,470.7003965973854,3950907.1335196495
0.7663802653551102,1007259.3248877674,97.81235855990649,845.6656148284674,1682248.7153112888
0.6411924911662936,5588874.18210227,20.0863810018925,16.24392844736576,2352594.494819641
0.35444795805960894,3958806.864029728,60.52644005823973,685.4791109263897,4029462.721198797
0.2742774058133364,8257394.013559446,15.902990655779837,809.819987071678,2644196.36875391
0.7214223332703114,2233234.7496151924,50.459320977618916,388.56848332099617,4973197.091370821
0.8466099491342902,6873747.485111468,28.177123423644343,723.2287709694356,3053818.330168724
0.14897566381841898,2723143.077180721,88.17246137047094,100.27857582084835,1312720.637768507
0.07881903555244207,5859627.196198329,65.31193960824702,136.66647784411907,1963276.0249078274
0.9168292814865708,4989944.179028273,5.731445468048565,566.7408734560013,3669193.1188106537
0.5415209103375673,9117794.991950504,77.98870536204427,344.4689227640629,4373844.478279352
0.4539978690445423,125183.08724556118,43.0663588702958,974.0648580342531,2009723.2982516289
0.47732037026435137,8886848.41403272,54.32697377660218,61.546310130506754,3443066.783249378
0.51821159850806,382468.6332093552,13.493432632165959,637.9693466611207,1174403.1496345997
0.8935210853815079,6214846.566693857,92.0037070851773,489.1758172400296,2844754.6511888504
0.1021407451480627,4583521.269392222,25.8284321232792,833.2043615914881,4521616.6488826275
0.15691913664340973,6450005.12331631,1.7898240445926783,888.9263441879302,4137201.275676489
0.8386833276599646,3100101.589267142,67.59870137066953,305.61575029976666,2495466.411113739
0.7134969802573323,8497970.546888188,39.0635369409183,590.0044592190534,1539834.6818983555
0.28222023975104094,2024637.7528123558,80.31230335789454,237.39460420794785,3843687.4970793724
0.33089490607380867,5233865.567454137,49.94965048219077,360.7696405239403,1455493.252724409
0.6647595334798098,4365441.125500016,83.7033761529401,959.4277217425406,3161411.8069410324
0.7899457151070237,9743480.334378779,12.224303738947025,180.27755508199334,4866061.259061098
0.20559364464133978,749609.8544578999,71.41703777973447,517.538624573499,2501942.4334168434
0.026122563518583775,7632984.678962268,93.88674771525245,708.6218470800668,2151984.743773937
0.9696025243028998,1607567.7337823436,35.060030589425004,116.60950598306954,4480972.561985254
0.5942927189171314,7498233.106024563,56.56404066339694,760.6479505915195,3561607.152223587
0.4013018775731325,3348886.3793294877,22.39547044096887,432.2097729612142,1820495.6613481045
0.3893679343163967,8100116.1680324,31.037215226951986,255.2133495081216,4116880.5211782455
0.6141007486730814,1450982.3411563411,90.20553395927884,568.3053379971534,2250528.197735548
0.9887997666373849,7023699.4603630155,18.702048471977005,295.51633280701935,1706159.9269509315
0.014554164372384548,3498069.6153640747,52.529014107703226,902.87592520006,3910394.299775362
0.19421275053173304,5382521.951119415,75.37122587868292,820.1120427437127,3310923.431068659
0.8093226170167327,3887939.4653597847,41.17824332799669,498.44063187018037,1071560.9714388847
0.6845023594796658,9582696.810429916,62.65783883855864,658.8414181210101,2901209.469884634
0.31890314258635044,1214984.3743145466,3.9043646579105404,44.592380095273256,4732373.56543541
0.30141737032681704,6607124.557402916,73.33072355206963,414.25516036339104,2094177.6223480701
0.701928692869842,2633504.067159258,7.08220564499218,782.4527857173234,4272788.651287556
0.8267492577433586,8348100.696761161,85.61689615151472,126.81469638831913,3692154.061049223
0.17672729305922985,2498484.8588798195,44.80776733533665,694.5362217444927,1925666.704773903
0.12188344448804855,9365036.68826539,20.409246541330592,530.5555009283125,1290760.6363296509
0.8815294485539198,234498.78913816065,61.584772993329906,171.178879160434,3092379.953712225
0.5068305926397443,5748938.005376607,33.07402014678623,938.721847999841,4887730.501592159
0.4966973839327693,4743770.826378837,98.90731278132368,377.64795104041696,2744311.4556372166
0.442124480381608,6006358.542360365,9.423340455817058,671.5143942087889,3803144.0265476704
0.5613895021378994,4512958.643494174,69.3454354574643,26.32821023464203,1563776.2919068336
0.936088046990335,8958783.932873048,47.08765246689971,867.3496593534946,2393430.5123984814
0.06731213722378016,589888.9098642394,81.66839511699695,452.86657460033894,4224588.438868523
0.13753326889127493,8725229.959078133,59.216995172723195,277.2823753487319,4624657.899141312
0.8659253278747201,2074912.65132837,24.22140871599782,915.5791136901826,2758314.6654069424
0.7411045972257853,6398661.955633201,96.5030816833023,209.66950464062393,1213936.8578791618
0.26222508773207664,2874215.591507964,36.947002851564434,615.5731670092791,3418181.214481592
0.37370659690350294,9989196.08088024,92.50929647276271,988.1353476643562,1782916.9780015945
0.6296857194975019,859841.364633292,27.069485926314258,334.24859665334225,3584537.696093321
0.7545067649334669,5124702.32644584,54.79594187786057,544.9209616333246,4379886.336624622
0.24901508539915085,4118351.964567788,14.795521167362107,154.6060137450695,2236469.704657793
0.053486643359065056,7232525.3906119615,38.8036116005741,83.44555440358818,2602027.1219313145
0.949850432574749,3257722.015481442,79.21925832866319,743.9799338113517,4780625.306069851
0.575152057223022,7722776.149868034,1.4688647171379996,397.7125073503703,3200004.067271948
0.4282991485670209,1874343.196873553,66.54227688271459,796.8484588246793,1433502.8529167175
0.4290254293009639,7250433.02591145,8.449015702157281,971.1101075820625,1983138.021081686
0.5753892259672284,3276811.9769301265,73.52567070051003,349.12687158212066,3650017.887353897
0.9505764823406935,7697621.314556338,45.78395667127705,560.0426470302045,4322325.382381678
0.053723566234111786,1848006.0354126617,86.20246402117982,137.82453818246722,2059731.8932414055
0.24925118498504162,9961981.552287936,60.217235766770315,97.32771993614733,2663538.135588169
0.7552303001284599,831444.286396727,20.213572223495692,727.8903783205897,4953443.456441164
0.6299215732142329,5139939.903439023,97.93039627598878,381.8665983621031,3003672.0484495163
0.37442990113049746,4134772.091205232,32.48772510772664,810.9741528425366,1364164.0357673168
0.26295005716383457,8745732.33484663,88.05752902532741,688.3280921541154,3993546.0910201073
0.7413421235978603,2096597.8747345507,28.49858957177587,11.238511186093092,1638922.993093729
0.8666510200127959,6385254.207245074,50.771630640027105,852.4998302571476,2341614.544391632
0.13777150306850672,2859624.995482154,15.77280135052558,469.9200244806707,4041953.172534704
0.06754692550748587,5996383.342945948,43.32707079782057,263.12824287451804,4672519.993036985
0.9368119398131967,4501801.415923983,77.9106740697315,931.3968202564865,2944873.407483101
0.5616249982267618,8980888.656518422,5.662570661459118,225.72684512473643,1019641.9544517994
0.4428490959107876,613175.6616653875,65.58790849588253,601.6590225044638,3346896.953880787
0.4974069790914655,9336257.023724727,26.09252211026568,431.0668483283371,2171384.3271136284
0.5070529757067561,206901.74874011427,91.92295337793882,767.3613127227873,4461283.419281244
0.8822397515177727,5765588.1456863135,13.427935885038226,111.96663386188447,3511517.733335495
0.12210655026137829,4759238.342545927,54.600220249311995,711.5916742291301,1872004.5052468777
0.17694669216871262,6625986.889126711,80.19539960883931,516.3995945081115,1475290.0414168835
0.8274580221623182,2651184.147232212,39.38913215952552,186.99457574635744,3142179.951071739
0.7021488146856427,8322143.737656996,67.90903962916602,954.7811910882592,4814477.909356356
0.30212684255093336,2473710.151426494,1.6637638098141176,363.73557310551405,2551893.450319767
0.3196142874658108,5370374.156166799,71.1035941502992,238.1901120301336,4180300.7386624813
0.6847241465002298,3876973.624064587,12.353362057376652,583.1853794958442,2452656.5074920654
0.8100335160270333,9606821.556981653,83.81717453105655,310.63624425791204,1527423.1471121311
0.1944343065842986,1237927.1672088653,49.62705334723461,886.0924396570772,3854679.6068549156
0.014775113202631474,8120961.0127406195,22.46397719255742,833.9959748461843,3485770.9482312202
0.9895079350098968,1470644.2637285218,56.28770074055809,482.3530789837241,1131134.0518295765
0.6143214665353298,7010101.815667003,34.79895060689933,642.9934991523623,2833838.9545679092
0.3900758568197489,3485654.892804101,93.9644079723619,58.716300167143345,4534164.6783053875
0.40152211859822273,7650702.939442359,52.60814807491749,376.85624558478594,1278700.1729011536
0.5950020719319582,1626544.3087341264,18.44243921935372,945.5447300896049,3103784.170001745
0.9698220426216722,7472962.500268593,89.93066774654481,166.1545754596591,4931486.211717129
0.02683120872825384,3322357.459101826,31.10719270844292,533.385595716536,2702096.76399827
0.2063040668144822,5206535.566410981,3.583440906622447,693.7408577557653,2082697.469741106
0.7901687016710639,4336851.990503259,62.77331358054559,133.6336839105934,4284711.189568043
0.6654692478477955,9758528.238559142,41.30897503009438,777.4323765840381,3734476.875513792
0.33111716993153095,765916.8925918639,75.05945861311815,417.08891368471086,1882077.2916078568
0.2824408384039998,6470620.885581709,44.680141004177734,45.73155399411917,3260482.9408228397
0.714205021969974,3121976.187492721,85.92566533342843,652.1243052557111,1122657.7088236809
0.8389041572809219,8484754.557266831,7.406234767219051,503.08724734932184,2919952.806085348
0.15762742422521114,2010162.92723082,73.2122507264316,817.1459589526057,4712089.2107486725
0.10285152494907379,8877065.271378495,99.17916898959689,904.0187576320022,4065861.627459526
0.893742760643363,371426.87809001654,33.00713611542433,288.80311450921,2301104.7057807446
0.5189226241782308,6237064.378842711,61.50262902165483,572.9480589088053,1726338.0661606789
0.477542276494205,4606997.69400619,20.671949244082906,252.24360718391836,3891482.7592670918
0.45423384197056293,5830657.8588448465,81.945945002025,794.0032283309847,2590482.4770987034
0.5422440953552723,4962234.050126746,47.02035567750036,402.72167534567416,4792490.027844906
0.9170655002817512,9134329.659809358,69.26898516254407,737.1419750247151,3242261.4358365536
0.07954245153814554,140458.5466524586,9.685630400531924,84.22218316234648,1389856.5769195557
0.149701832793653,8276140.574838966,36.818188909734594,151.75712471827865,1770913.1389856339
0.8468467528000474,2250723.0709213763,96.81676968933735,549.9262350611389,3596007.1198642254
0.7221487332135439,6847601.151187904,24.54425022755377,327.4145324341953,4423699.624836445
0.27451445534825325,2698254.983230494,59.103441171206526,988.9156349562109,2194319.2668259144
0.3546833349391818,9500862.378491089,14.469574284867383,618.524115094915,4573703.497648239
0.6419172259047627,996483.1564053893,54.9124939630283,205.00775345601141,2808948.989957571
0.7666149344295263,5613190.9854141995,27.195194497205318,922.2811498586088,1234180.4429888725
0.22987039387226105,3981865.129374899,92.19860655037873,276.12812475301325,3399326.5368044376
0.03453006409108639,7095773.862762377,66.62173718209564,455.82118121907115,3752646.9118893147
0.9621409922838211,3745869.6954771876,1.203481322294101,862.6918027363718,1614807.8218102455
0.5873194290325046,7859677.866402082,78.94471844809595,33.02635183557868,2412116.2705123425
0.4092212887480855,1386345.7055622712,38.867814939844415,670.3564850799739,4204239.830374718
0.4195281667634845,9818232.850219123,76.6534497814076,198.6021617334336,3074845.664203167
0.5859086336567998,669348.1293627992,42.826482283054844,628.5551914107054,1308111.760765314
0.9606068190187216,5305585.162123665,64.3304692604579,282.533771796152,2726624.5782375336
0.044715702533721924,4279706.211104989,5.1621494105551395,912.2500108461827,4905478.3545434475
0.22455227933824062,7413105.595345609,29.584893289964647,871.7550790309906,4255284.886807203
0.780829131603241,3418773.4075793996,88.33836933323927,450.3833895176649,2111620.292067528
0.6560080451890826,7552110.78225635,16.859272332576104,661.2930280715227,1908071.3875591755
0.34924398083239794,1684148.0481475592,51.052256000838234,38.46431687474251,3709932.4241280556
0.2729815859347582,6138263.644886203,19.12723870328255,408.88550515286624,1089339.4015729427
0.7323335446417332,4664392.856649123,59.93636565683409,783.7305081170052,3293328.1660079956
0.8571544727310538,8816959.225330502,31.40117664041277,78.05817264132202,4749816.302210093
0.1482897186651826,467593.6854425818,97.64969342991431,747.4148685764521,2883705.757558346
0.09363458957523108,8583707.62173552,74.78287710761931,540.6211968511343,2268276.1028409004
0.9116253042593598,1952920.6165885553,8.949586335708386,156.95327252149582,4099193.710833788
0.5369268078356981,6530269.45585385,87.45983769215084,998.2207284867764,3927745.4763650894
0.4684467352926731,3025351.382875815,46.28431235772744,322.2183219343424,1688625.704497099
0.4761466206982732,6787991.2641867995,57.54511725193913,646.6866942681372,4763064.201921225
0.5292448801919818,2794841.0673271865,22.96437348426599,54.794656950980425,2619404.822587967
0.9039435386657715,8177148.827099241,95.22165796493181,822.5836326368153,1415850.1960337162
0.10133272968232632,2308004.1020838544,35.299561100658025,494.02408907189965,3217717.4612879753
0.17185676097869873,9194396.910838783,11.266866116130723,298.83389947004616,3567068.137228489
0.8336014207452536,44330.49706928432,70.8229460654445,897.6134646404535,1800325.2036869526
0.7087808074429631,5929497.387819923,48.5407716080388,242.2126488853246,2218847.557902336
0.29654703568667173,4904800.129714422,83.5363599273907,579.3535326141864,4397691.290825605
0.3413173593580723,7958308.781357482,40.47565790279582,950.7405865378678,2776119.9101805687
0.6639515180140734,1328703.1711302698,80.47607749571837,367.5515061058104,4607036.057859659
0.7887719655409455,7155592.00991597,2.750123034273274,528.1895659305155,3435589.7307395935
0.2166269263252616,3649492.5420181826,68.18993171809521,175.459495652467,1196467.6044881344
0.021406390704214573,5514102.669181302,90.6655547477724,123.36114441044629,1581489.9913966656
0.9839293202385306,4039049.5920442045,25.592143699771725,699.9045142251998,3785491.6602373123
0.6092303432524204,9441196.48735132,53.343035821195684,427.3615158814937,4241966.44499898
0.3962199706584215,1093013.2363634184,12.927390955733134,771.2686647940427,2375869.6988224983
0.3768392615020275,5043239.073250443,34.06900850656442,592.4911848176271,3686998.251825571
0.6206150446087122,4194344.11441721,99.4844048621282,232.99319711513817,1945654.0569663048
0.9959248909726739,9904662.69458551,21.734035837273115,876.7866970319301,2027131.7027509212
0.0016597574576735497,930321.3252937421,61.807698375375004,315.83310385234654,4356375.098228455
0.19682270381599665,7793864.668969065,84.64399705219549,476.1902523227036,4990910.664200783
0.8007021015509963,1787976.0149363428,44.20393687827233,844.2676919139922,2626543.890684843
0.6755161099135876,7307904.214126058,71.93041592638754,64.87895349040627,1330098.5172390938
0.32212392427027225,3178087.79003378,6.930244843363762,632.7219627983868,3036257.404834032
0.30854249466210604,9038415.848871693,64.05490437651518,758.2971512991935,1664687.7229213715
0.689034285955131,514507.47890770435,4.059567547264509,436.5055251587182,3968284.960836172
0.8142205849289894,6092723.265851848,76.34126361113786,720.6556623149663,4011810.176074505
0.18324158899486065,4441867.9639408365,41.7849351519253,106.5281377453357,2370308.0154955387
0.11289719492197037,6328184.453418478,17.38050126376003,193.39904630556703,2970149.3866741657
0.8847502302378416,2958751.138255,52.30284663793258,506.3696393556893,4646771.050989628
0.5094405459240079,8649240.118677728,30.045088234038094,357.3311652429402,3318217.3781096935
0.4880768684670329,2156378.511966206,89.62558051161002,964.8110909201205,1049801.6923666
0.449127534404397,8418597.196056508,0.14141670809686183,21.510401591658592,4498751.103878021
0.5483730249106884,2413968.3092134073,66.31669353262149,682.1650847792625,2134389.605373144
0.9236814444884658,6683095.400722697,37.80591758950892,459.6481893956661,1837938.5098814964
0.07394850347191095,2552019.2094407976,78.63945985152107,858.6627749353647,3544103.566557169
0.12842494901269674,5669286.943300627,56.19435446731839,926.1996066104621,3179159.838706255
0.8690240392461419,4819133.111258037,14.94558618771564,272.4343395512551,1437806.5541386604
0.7438366208225489,9278691.110851243,93.48025210756809,606.8560554366559,2519293.736666441
0.25372664257884026,305608.6147688329,27.671373663915322,216.42092178575695,4848527.148365974
0.36129999440163374,6952591.94418136,95.53498667031062,339.09661769866943,2477932.009845972
0.6363220857456326,3584417.800220661,36.342254492149685,977.5148694962263,4154552.273452282
0.7615098189562559,8024756.341598928,57.821825416041534,147.85461135208607,3826000.5079209805
0.23599860817193985,1530635.5636846274,24.068100862868132,553.6380584537983,1557582.4081897736
0.05621866695582867,9664179.209702648,48.0824858561512,733.3292284887284,1156899.2584943771
0.9413519874215126,1139011.3705424592,82.25105421595275,88.2633777987212,3460509.341210127
0.5660437373444438,5467036.191336811,10.747545632082037,805.5353579949588,4504021.20500803
0.4313978599384427,3817440.3586219996,69.57426164033357,390.9308778028935,2862532.902508974
0.4359084591269493,8439332.351248711,49.190786541654724,846.3592636678368,4877452.51506567
0.5666443984955549,1965961.8982542306,82.99009776139725,471.9365704897791,2739895.2282965183
0.9418309228494763,6430678.704087622,11.51405304681696,686.6587545815855,1287319.0641403198
0.06060777883976698,3080812.828957103,70.65509808402136,17.00166062451899,3079174.1870343685
0.24044435191899538,6195229.417633265,94.69371212311275,220.12986389920115,3698546.778410673
0.762053239159286,4563941.555755213,35.919064721729605,603.1319794617593,1933998.7188577652
0.6367438063025475,8828500.948225148,57.41999941304977,261.03616585955024,2109358.925372362
0.36562427692115307,324083.7319782004,23.205462920767257,937.5827054493129,4274285.204708576
0.25420568976551294,7439742.454377934,53.56581489392742,565.5034069065005,2895864.363759756
0.7482256209477782,3290358.5902526975,12.783962753074242,135.97413272596896,4721162.885427475
0.8735347650945187,7613205.570477061,91.29116182343382,973.3081935439259,3298741.9106066227
0.12902548350393772,1587825.7627272978,25.070301312542522,343.28822248615324,1069139.8307681084
0.07437035068869591,9724010.729311034,2.6005854166196656,387.87141567096114,1715394.1169381142
0.928005600348115,730178.2063022256,68.45542901255098,808.5796862654388,3917685.378342867
0.5528188804164529,5175065.412390046,39.92329228221252,99.10259438678622,4117326.1255025864
0.44967084284871817,4306603.013523854,81.11998897474446,722.4749370478094,2264654.7369658947
0.4886054079979658,5569590.040690266,16.612085401889868,304.43504448980093,3190696.92119956
0.5138716325163841,3939485.3616924956,51.22010398226138,888.1696741655469,1426162.6601219177
0.889058637432754,9454216.611484066,28.934878356348722,236.70225355774164,2601509.515196085
0.11330329347401857,948616.2123568356,88.88463149923273,588.7669871374965,4766448.698937893
0.18382732849568129,7814781.842268072,64.45558709934727,637.2155108954757,4385296.769440174
0.8187165157869458,1340228.5043867305,4.9210599740538745,60.37032685242593,2247737.128287554
0.6934075634926558,7055152.926752344,77.18139562322665,831.9640589412302,1795162.871479988
0.30900581926107407,3706469.9365086854,42.20697866198327,488.47874774597585,3587016.53406024
0.32643245812505484,9098048.699990846,86.83423061648942,117.36723262816668,1207617.0966029167
0.6759220818057656,105398.76387547702,46.806154744956636,709.8014852032065,3409898.314625025
0.8012307528406382,5801103.728026152,74.56009803488757,433.4459413215518,4609548.598527908
0.20125367864966393,4931458.742266521,9.093014538367278,761.3415938988328,2756868.179887533
0.006033146753907204,6814905.052230693,31.953542260996066,960.6045292969793,2403643.172234297
0.996388103812933,2664337.7072317526,97.00578195088822,361.52264832518995,4228947.922587395
0.621200910769403,8237966.686308384,19.276776320936158,518.2351021375507,3806521.225720644
0.3813350657001138,2213770.3594323248,59.67086836237832,181.51844597421587,1576924.3612885475
0.3927160194143653,6339824.253397994,93.31240412614494,497.7473389264196,4360697.839409113
0.6018238300457597,2815415.026702918,27.918560594601555,818.8755166437477,2006344.6685671806
0.9766454566270113,8705797.901181504,55.64809230132494,43.41262026689947,1958918.9253747463
0.018024850636720657,2055443.4560015798,15.595601121331564,658.0838058050722,3658978.0747890472
0.21318780072033405,8939042.371558957,38.04700702601019,567.0640893653035,3055267.1998739243
0.7814226634800434,570109.3916380778,78.5143420126317,254.51722230762243,1327827.5541961193
0.6567248990759254,5947830.343542621,0.7609203291684389,902.1230317279696,2652480.699121952
0.33800067845731974,4454468.4015885,65.78874769080244,294.3394035473466,4979515.4221355915
0.28926306031644344,7664391.136889346,10.225703244852832,172.41599350236356,2350118.041038513
0.7053993791341782,1815995.8428135142,70.199868715995,531.2482019420713,4017214.4435346127
0.8300973428413272,7212945.788722485,47.93905765349231,378.40473539195955,3939641.1404013634
0.16445037443190813,3238104.754673317,82.47383328868449,939.9024321045727,1676836.8519842625
0.09410598408430815,5105413.454388268,58.465736895067614,783.1502055749297,1046174.6640503407
0.9006269844248891,4099025.657086633,23.515735242284833,415.4951052740216,3336355.574429035
0.5258056428283453,9930520.338069648,95.80048396476637,695.7120833173394,4636705.290526152
0.46879743039608,801203.0572462827,36.19271687449608,127.5686464831233,2996923.580765724
0.461113297380507,9563231.936007738,72.476678092381,916.759699638933,3547478.2288074493
0.5335033228620887,1195557.5313027948,6.280229909747839,278.03916154429317,1820052.4412095547
0.9083235152065754,5323717.065409757,84.81184503361862,616.2658698670566,2144692.2346949577
0.08642260916531086,3829096.5482397005,43.95674994758609,210.90662082657218,4471739.802509546
0.14089905098080635,6965213.539361954,21.114532216201535,27.08216586150229,4868480.9692204
0.8536661136895418,3439546.631431207,62.33564421719405,672.6902613136917,2514125.384390354
0.7289669150486588,8080332.328901626,33.82791907006315,454.1065250430256,1466701.5485465527
0.26571240928024054,1431235.5649573728,99.60952270101755,868.047084743157,3166759.2972517014
0.34594206511974335,5729316.125670448,30.188516436696982,743.2223233394325,1538336.6979658604
0.6487961914390326,4724186.307597905,89.40280143887829,82.26579641923308,3828507.624566555
0.7734955819323659,9306693.953103386,17.902343650989234,795.611934568733,4128866.8774068356
0.22112890612334013,176118.6930509284,51.67723956227116,397.01921625062823,2489076.07793808
0.04134896118193865,8289457.770476118,76.0757663166821,333.0716729257256,2857958.033680916
0.9533377541229129,2439804.199177772,41.93447276957892,987.382459724322,4525060.60525775
0.5785178393125534,6587802.868819796,63.4109928974891,153.90989207662642,3447481.580078602
0.4160399343818426,2614220.1119931415,4.611933167847805,543.6797185335308,1184682.5666725636
0.4107225239276886,6046685.926913284,67.36888687816727,71.99313521385193,2031848.99315238
0.5927308555692434,4397051.802043803,2.319888158424757,749.3860941380262,4335666.477680206
0.9674297692254186,8999088.80029805,80.03366104241088,407.291696742177,3629062.954336405
0.03590888809412718,473959.2532925308,39.642428505206475,789.4483371078968,1987353.8836836815
0.2314365031197667,8606790.024547838,14.041330091115086,992.5784305017442,1352845.0205922127
0.7720835907384753,2112707.2407947853,54.06616499249823,323.766811741516,3029746.1338341236
0.6472631990909576,6280235.263185576,26.327502131772228,538.4838030766696,4951065.614819527
0.3561269994825125,2912023.125063628,91.79172612405475,163.21469056420028,2682380.0317943096
0.27980334404855967,9870837.200560607,34.661619898425414,288.0700608342886,4053965.024650097
0.7235274454578757,897717.0083103701,94.1932845392786,910.3542849421501,2312894.497066736
0.8483481146395206,5006347.152419388,21.948232299513183,200.87577685713768,1644495.1593875885
0.15511313267052174,4156231.016544625,56.91940531040448,622.6712218672037,3973462.9951417446
0.08488855138421059,7272781.256743707,84.07657433132734,667.2525286208838,3373594.921082258
0.9185090381652117,3141743.6556098983,49.47141823539603,36.14538314752281,1009438.9170408249
0.5438103163614869,7762999.963082373,71.74140813514032,873.4846367221326,2963118.4823811054
0.459702386520803,1758332.4860911816,11.794898942608386,445.0434810947627,4669060.863554478
0.483025586232543,7981760.994005948,98.09213484241721,521.9430494029075,1845069.4307684898
0.5205036103725433,1488861.3931331784,32.23442876204569,177.6122630108148,3521957.639604807
0.8952020509168506,6905340.580043383,60.75738851776905,949.2074113059789,4443290.47203064
0.10821337718516588,3535945.259041153,19.557447874885053,373.2086465973407,2174591.090530157
0.1630535228177905,5422745.764333755,45.54897664977051,421.65905678644776,2539630.1858127117
0.8404203178361058,3771928.754577413,86.3336912750639,772.877371031791,4843449.130654335
0.7155994530767202,9622952.676561661,7.835621496080421,121.40475766733289,3136843.6999619007
0.2877454459667206,1099006.0144430026,74.05972595732379,705.9848625399172,1495136.983692646
0.33257658686488867,6647429.424827918,6.178315554503351,827.9389146436006,3865747.4480569363
0.6708309734240174,2517574.410587549,64.95620392603614,492.3094328958541,1501600.4741191864
0.7956521231681108,8388428.081314079,43.46440150629449,649.020470501855,2455270.502716303
0.20788494125008583,2382578.0174294487,77.68179750281479,48.850470976904035,4161222.92727232
0.028225751593708992,9246609.995817766,50.133816655186,248.11151625588536,4561810.709536076
0.975126538425684,272306.32269382477,16.33126446529385,577.095287386328,2820734.966546297
0.6004282971844077,5630498.070846312,87.79812922505661,300.7449362613261,1152341.3509130478
0.4030381524935365,4781565.415845253,28.654224683614448,892.0920144207776,3481302.957981825
0.3837227588519454,8770914.138562977,24.797546573234722,715.240221042186,2706318.5274600983
0.6118706772103906,422768.5837429017,58.94170260477811,108.30301219597459,4910525.735467672
0.9871788714081049,6098944.344141521,37.474313258345234,755.9026847220957,3117131.1661601067
0.008543502539396286,4623853.570836596,96.27661693833862,442.51034246757627,1250811.729580164
0.18801636435091496,6487808.03797394,69.13775790865999,351.4925161469728,1900909.8298847675
0.8075255267322063,2981669.9799280614,9.920610422038472,967.0091768819839,3732108.749449253
0.6823378568515182,8535769.755252637,81.41188974521123,191.54864084906876,4310775.91702342
0.3133178064599633,1906202.735173516,47.633749883577224,511.8303992319852,2071388.1701231003
0.29979766719043255,5271749.53632243,79.57642301794235,882.9725822247565,4691996.399313211
0.6959173157811165,4247090.570371598,38.352070046800186,313.74102683737874,2925534.3303084373
0.8211047975346446,9781351.061164401,66.85061374901235,593.9641417749226,1093927.9459416866
0.1744960295036435,631246.3552402332,1.0661506138201802,227.3962158896029,3272504.150867462
0.11972013395279646,7516978.885071352,26.636731382437052,70.64210292883217,3888029.173016548
0.8759433971717954,1647796.165894717,92.83642053521983,631.0526252258569,1744577.2401988506
0.5006349217146635,7382249.829261564,14.313939173028803,478.206798331812,2290907.211601734
0.49489910155534744,3389137.626563199,55.171893763299096,838.1271253246814,4092553.6938011646
0.4403254697099328,7112607.98607301,40.65285068148374,142.3784815799445,1393073.2943117619
0.5551911955699325,3607728.5032430664,75.5996113641169,555.4735660832375,3224259.3690752983
0.9305008165538311,7911046.093469486,3.330144560941495,336.88369291834533,4802939.888089895
0.06514574028551579,1280220.498174429,62.935052146974016,983.3382077049464,2563538.283109665
0.13530511781573296,9396913.808177225,90.46472300335859,799.5156391710043,2214160.904288292
0.8602820727974176,1047510.5721214786,30.493798502366058,393.30997079610825,4418369.513005018
0.7350958297029138,5472868.388211355,52.739375328801565,731.5390394628048,3624973.0363488197
0.2606060868129134,3999035.2961421013,18.20745919784717,93.6639765650034,1758656.0137569904
0.36811865121126175,8141491.791007109,61.27375245473813,465.77385815791786,3380242.5861358643
0.627520514652133,2273567.0510595664,20.809279952556828,856.6308590304106,1236799.743026495
0.7527065621688962,6757813.209641725,98.5474644197505,23.16442827694118,2783120.1776862144
0.24281749408692122,2763443.0277142674,33.522881008468566,676.3870965223759,4584776.643663645
0.04747716058045626,5897426.404562779,7.561869879057631,612.4376630783081,4199780.959635973
0.9482326237484813,4871509.161389433,72.95285092616082,214.93306331336498,2433313.6156201363
0.5729227140545845,9155597.906608135,45.23860411894601,928.2768411189318,1601712.953299284
0.42265660874545574,6751.477906480432,85.28785134858731,266.233139783144,3780282.9891443253
0.42467477545142174,9164867.168919183,58.76672439589444,509.2776642180979,4266404.6958088875
0.5710347536951303,34329.7167820856,24.96417220600229,188.5725043900311,2101476.985961199
0.9462143639102578,5861228.072732687,96.44324312989414,967.719366569072,1926240.7571077347
0.04936527367681265,4856060.446744785,37.29933858845196,352.5044315494597,3690786.4324748516
0.24482803139835596,6719402.9285172,10.14217515540868,439.3831015843898,3086919.154971838
0.7508109724149108,2745781.6932899877,68.92006352694146,753.4406330157071,1295061.6478919983
0.6255098842084408,8147938.105762005,47.41605494307074,109.40549288876355,2747761.7897093296
0.3700143937021494,2298323.012864217,81.63345093959104,715.799424322322,4885317.645967007
0.25859557557851076,5504564.300186001,38.57000973643176,841.3746847398579,2256912.153214216
0.7369914529845119,4009982.2614165023,79.35472436172515,481.03192994371057,4109581.157565117
0.8622927293181419,9392299.538353458,0.8444484186125919,629.828763846308,3909820.24744153
0.133409408852458,1024586.6552479565,67.06855287985597,69.72088189795613,1707527.555525303
0.06312759965658188,7909711.818612181,92.66964496101718,230.07021357305348,1077021.7701792717
0.9323888104408979,1260577.2467525676,26.81193888064567,597.302414001897,3306622.4195063114
0.557209481485188,7145753.654668108,55.34710480049811,312.9104006011039,4728923.2313632965
0.4384373901411891,3620124.5546527207,14.14716415761411,881.5977049339563,2903622.3255097866
0.49301054514944553,7344831.549612805,75.43069749466609,93.10524719767272,3579133.9986026287
0.5026527307927608,3370028.91946584,40.82554139873478,730.4360885452479,1787282.720208168
0.8778318678960204,7522585.770982318,63.107737462608135,395.77249641530216,2239977.139979601
0.11770247016102076,1674152.073004283,3.161228270076215,802.6424098294228,4377538.211643696
0.17259984370321035,9789017.39823632,30.709203529825434,982.3258183896542,4774191.64031744
0.8231149772182107,659662.2349992394,90.24086817067861,336.1739734560251,2609253.8870871067
0.6978134158998728,5237001.557099633,17.983609766784124,558.4492286294699,1434027.1949768066
0.2977876327931881,4230651.642211713,52.954782777675426,144.9316868185997,3198563.84024024
0.31521402578800917,8534815.403383225,21.033266100406646,267.6075468491763,1569179.9893975258
0.6803277032449841,1884498.840617016,61.05810100178979,929.1079412680119,3798778.284341097
0.8056294601410627,6520726.356212981,33.3072319769347,211.5943208616227,4221081.003546715
0.1900264248251915,2996279.2471041903,98.77145596921723,609.7641393076628,2395778.637379408
0.010432092472910881,6128430.020283908,72.77993352726195,677.3087877780199,2764748.3311593533
0.9851610884070396,4635029.674427584,7.730934807519429,24.38781574368477,4617431.133985519
0.6099822400137782,8768357.531939633,85.45691385563462,853.80619764328,3417656.872421503
0.3857404487207532,399462.955920957,45.06568131843022,462.525824829936,1215377.0849108696
0.4049343718215823,5659448.588052765,2.1454834522474555,161.8100268393755,4971757.102757692
0.5984181435778737,4789765.1238925755,67.53646449935064,537.7433843910694,2644720.9492325783
0.9732304718345404,9230094.148105942,39.810010037905535,327.0752680301666,1319947.6413428783
0.030235812067985535,237482.69039113075,79.85925726754684,995.3426652401686,3047384.9028348923
0.20977353118360043,8369700.247058645,54.28868208680953,788.5568139981478,3666845.2322483063
0.7936343401670456,2345541.7280979455,13.82420958462823,405.9777163248509,1966783.6986482143
0.6689425362274051,6673557.031727396,91.5746017060522,752.2408941667527,2014089.2788767815
0.33459427673369646,2522951.8788130954,26.550018294770272,75.15060509555042,4368441.019207239
0.28585688956081867,9634968.488365412,94.41027224049438,445.5719242990017,2989058.807492256
0.7176172621548176,1129330.281322822,34.439347739501855,874.6782986074686,4628838.133066893
0.8423087885603309,5398447.855667211,56.69713222016766,33.6526008695364,3328612.394630909
0.1610358590260148,3768380.984584801,22.165216089213267,664.2164394259453,1038430.0537407398
0.10631719138473272,6884322.629094124,49.30406878596171,623.7137498240918,1684596.6018736362
0.8972122306004167,3535678.1172510237,84.25082946859486,201.49493287317455,3947399.4597792625
0.5223997104912996,7995226.5996793285,11.96915501118917,907.4087905418128,4025096.7405736446
0.48101555183529854,1520634.7833974287,71.5740625972217,285.4262626450509,2357997.953891754
0.4576918752864003,7745262.975578196,32.06608839530125,702.8278665710241,3158999.189734459
0.545705939643085,1719845.285414718,98.26577754808403,118.5494874138385,1458943.8252151012
0.920519694685936,7298070.589523762,19.73108853166271,774.1918253619224,2506243.68339777
0.08299284242093563,3148724.6078122407,60.589043121933,422.5501096714288,4860600.69873929
0.15309499204158783,5033695.973609574,86.55004866346438,370.44393794611096,4479605.171829462
0.8502361085265875,4165271.9786455855,45.32569569232221,945.8994252420962,2152559.034526348
0.7255457313731313,9855770.476233214,73.83644704876468,178.35220778360963,1827795.2633798122
0.27791526447981596,861899.5493222028,8.051983913572505,523.3481833525002,3555223.435163498
0.35814516618847847,6259600.848394446,65.17923808547016,894.7353423852473,1176815.7668411732
0.6453752387315035,2909696.569361724,5.962090598848649,303.69090457446873,3439616.210758686
0.7700653309002519,8620024.666694924,77.4655775762517,576.4756611455232,4517315.398901701
0.2333246162161231,2146692.6176026464,43.687437714617694,247.0694622118026,2850215.2115106583
0.037919425405561924,9008890.83759766,16.157773191163315,51.8870303966105,2496833.8012695312
0.9655341794714332,504511.5037644282,50.301929222706704,651.5127788670361,4136626.984924078
0.5907202251255512,6024449.220119044,28.822332222043535,491.116241235286,3836387.8950476646
0.41261826641857624,4393123.475827277,87.62463590203691,827.4099975265563,1546218.3989584446
0.414151344448328,6576932.525103912,28.093536754596048,293.6598245706409,2674635.06385684
0.5805356223136187,2582600.151091814,93.1457764444882,901.1409304197878,4943323.031067848
0.9552261913195252,8312457.638422959,15.428976978665217,257.10059753619134,3021879.5724213123
0.039331271313130856,2444495.0905600563,55.82306902010738,570.070010414347,1344979.889690876
0.21923268679529428,9326261.253451928,78.29277932815067,656.950566880405,1995234.3925833702
0.7755057355388999,177376.3463497162,38.26470345661789,42.82375041395426,3636944.893747568
0.6506922580301762,5716843.452702276,66.00644058241974,821.972028799355,4343424.439430237
0.3439320046454668,4690964.687929489,0.5393570858994499,500.1796945556998,2039609.3390882015
0.2676085950806737,8052830.04109934,69.98193107525259,128.8222039397806,4661178.924143314
0.7269567353650928,1422042.9242048413,10.447403949959202,696.6640330757946,2955237.9734814167
0.8517700135707855,6980738.875565119,82.6955334350029,412.27721243165433,1001678.5711050034
0.1429090853780508,3475820.9143346176,47.72111647375952,780.3558321949095,3365836.9593322277
0.08831116557121277,5341301.77827552,23.682508767598307,940.7032737508416,3981205.578893423
0.906305706128478,3867430.8782909065,58.29052734796982,379.74897246807814,1652240.127325058
0.5316148521378636,9538400.023129769,36.01750788618624,528.5443901643157,2320759.627968073
0.4631309611722827,1189034.5949893817,95.96726102907024,169.04711056500673,4061831.586062908
0.4708155710250139,9952300.258197822,6.449147690714337,865.6151993386447,1487394.042313099
0.5239176489412785,802233.9561758563,72.30399128664564,451.00953897461295,3129099.328070879
0.8986086985096335,5090880.734272301,43.78406072043627,673.2796013914049,4835584.595799446
0.09599406365305185,4066183.3644192666,84.9807574129682,28.21493087336421,2531763.266772032
0.1664608856663108,7201693.138071336,62.12023527821898,207.90022955276072,2182473.625987768
0.8282017195597291,3208543.052959256,21.338383137365803,613.682968551293,4451170.62330246
0.7033887226134539,7687620.7391396165,99.8333760435963,279.0207926277071,3529717.62791276
0.2911587692797184,1818475.9023766965,33.612515532705,917.4397525284439,1852827.988564968
0.335990141145885,5967015.597700141,89.17881137951277,547.0481275580823,3473422.806710005
0.6586204888299108,4491962.706808932,30.404163978129624,156.61417407914996,1144458.8154554367
0.7834332939237356,8912762.490021065,51.89289250532072,986.037748735398,2812976.408749819
0.2112920582294464,564579.0527872741,17.678356013038197,332.27130150422454,4554050.721228123
0.01600668393075466,8677305.995850824,42.107394079993476,399.8140635434538,4168967.2991633415
0.9785334169864655,2047700.5718695,75.906705299736,798.8293571863323,2463013.44409585
0.6038420898839831,6356186.634497717,4.442866749284789,81.31432057358325,1509467.3931598663
0.3908279063180089,2850086.980354041,63.58391178648918,741.9682956580073,3873611.982911825
0.379324528388679,8207719.040987082,83.16450004616007,934.3048598710448,2063521.0126638412
0.6230965005233884,2201830.498701893,49.02320649905688,258.30174521543086,4302911.143749952
0.9983987342566252,6818528.773296624,70.48751897273678,604.5672834012657,3724364.1391396523
0.004137404263019562,2688712.2374568135,11.68845924309548,220.9000671748072,1893166.6500866413
0.19923551194369793,5801294.918742962,35.696550048832776,14.116102363914251,1258570.0489580631
0.8031187132000923,4952400.071657263,94.91083505101409,683.4716181270778,3124890.9160494804
0.6779403416439891,9066198.688168079,23.42258491735533,472.79736487194896,4918405.648320913
0.32454434502869844,91857.2071287781,57.197480828637254,847.6435480080545,2714200.8244991302
0.311023959890008,7047029.16977834,12.56697747327294,724.9974154029042,4084793.943911791
0.6915195696055889,3677596.04086075,53.78808947426546,102.16941230930388,2283148.892223835
0.8166982298716903,7849682.096129283,25.292571981364862,808.080909634009,1736694.9431598186
0.185715408064425,1356820.303171873,91.07417561231927,386.7085120175034,3880149.260163307
0.11531380470842123,9491176.279257052,68.62277604057081,346.2039322964847,3280368.92414093
0.887163014151156,967268.0955389515,2.4263278579376637,975.921351518482,1101795.1034009457
0.5118609759956598,5564136.621391401,80.94573532757815,134.90179067477584,2933277.5101065636
0.49050111696124077,3913281.133234501,40.09064024154562,564.8536401800811,4699741.009622812
0.4515670286491513,5177467.993663624,51.38844788799621,487.19493363052607,1750790.6444370747
0.5508087007328868,4327313.975375146,16.43844623521343,831.102790646255,3617106.2365174294
0.9261095002293587,9690101.899563335,88.71098730346468,63.557933531701565,4410626.690834761
0.07638038508594036,717019.5897268131,29.103220213194376,640.1005952432752,2206415.6979322433
0.13091403990983963,7582576.772945002,4.704699046663008,587.9963136371225,2571298.3906269073
0.8715169560164213,1577947.699856013,64.67886451780517,235.26742353104055,4810697.611421347
0.7463371502235532,7443594.755022787,42.430261109532786,890.9036245848984,3232141.0700678825
0.25622335355728865,3312518.749986775,76.96503674472496,307.7133639808744,1400953.5647928715
0.3637356869876385,8867064.695961773,46.583117046532216,182.16773878782988,3772525.265812874
0.6387615893036127,341896.7450540513,87.05045203315373,519.3079144135118,1593952.8457820415
0.7639416763558984,6188324.491002597,9.309238003920763,358.90901643782854,2425433.3451390266
0.2384266620501876,4538728.770035319,74.33706536555476,957.6892897114158,4191899.2586433887
0.058711559511721134,6421561.716414988,97.17927676400915,762.5049714650959,4592643.443495035
0.9438410764560103,3053387.4607067555,31.78543323246576,433.94424772821367,2790985.54700613
0.5685404650866985,8475073.263176717,59.50275728495884,706.7351411934942,1244544.9493825436
0.43389839865267277,1980952.5970099494,19.450266104965472,114.84428404830396,3387985.408306122
0.4334155535325408,5432288.845350035,99.31152769596223,635.9091140050441,1372029.1666686535
0.5641552964225411,3801000.7972260937,34.23811664796155,67.76449699886143,3011538.6098623276
0.9393342081457376,9671844.913538545,61.97680111515521,842.9833928216249,4961186.0401928425
0.05810725316405296,1167427.8835374862,21.561156249692665,475.32947269268334,2671283.1035256386
0.2380086723715067,8030362.668772228,44.42797815986722,318.5675392486155,2051971.547305584
0.759613748639822,1556992.0295318589,84.42839775278978,880.0645278580487,4314567.420631647
0.6343119358643889,6915174.223270267,6.714650945574976,232.22297908738256,3642135.9479427338
0.3631962100043893,3565308.5343856364,72.15445962939691,591.0558956302702,1975257.5121819973
0.2517166119068861,9276135.062965564,4.275024728266523,962.1979181934148,3354654.9156308174
0.7457327172160149,282302.42820922285,63.83110467758029,354.4154701847583,1027402.3003876209
0.8710342226549983,5698772.060705349,41.56113787440489,507.0194208342582,2952753.9163827896
0.12652875948697329,4830309.77358669,76.5567261937568,194.47137360461056,4680401.932448149
0.07193084340542555,6716013.085725717,52.13397598141711,103.46130507066846,4034086.611121893
0.9255699114874005,2566629.1098529473,17.553232213743964,718.1331987120211,2333749.4134902954
0.550390837714076,8417643.477423117,89.79830904017948,437.66844356432557,1631178.0251562595
0.4472389742732048,2392263.7814208865,29.876212175905703,758.7959131784737,3985803.507268429
0.4861887851729989,8655687.066668645,66.14987474548352,217.85573706030846,2559760.369360447
0.5114588355645537,2181133.840534836,0.31658397357258944,607.6267436891794,4822342.444211245
0.8866382203996181,6289773.539057933,78.81462767578475,269.1560348123312,3149924.322962761
0.11087905801832676,2941090.4370667413,37.63910234136134,923.465641438961,1483032.9827964306
0.1813458763062954,6056524.375284091,15.163473723804577,859.5240284781903,1864245.9474503994
0.816231245175004,4426419.808033854,55.97260067735612,460.9320182632655,3503757.745027542
0.6909299055114388,9047685.669920407,27.449619315165094,679.2800151836127,4453403.268009424
0.3065319871529937,542085.1590456441,93.69813610466663,18.32278016023338,2163501.7916560173
0.3240196630358696,7341050.441458821,36.563764091774814,390.43258614838123,4541924.66661334
0.6735054831951857,3190483.282705769,95.31724013504945,804.3719656765461,2841597.5123643875
0.7988065080717206,7792529.835374095,23.850350788616577,90.78631162643433,1139016.5872871876
0.1988332448527217,1768333.322252147,58.04333445687871,736.3955872505903,3493651.0995030403
0.003547866828739643,9900047.791525722,82.07603577433619,552.5652609299868,3846815.0720000267
0.9939066348597407,907398.0416562408,48.24906827598344,147.20530378632247,1519556.2280714512
0.6187270805239677,5074935.61846111,69.7408475991562,980.4300943296403,2444913.5661125183
0.3788574319332838,4205290.44645559,10.572527749253435,341.7102643381804,4172556.3667714596
0.39811570942401886,9426129.204286262,42.65303422185964,39.0532014798373,1889820.471405983
0.6072197165340185,1057196.3361129165,76.8216025816612,662.4262522440404,3742221.485823393
0.9820337267592549,5541452.049109153,5.330300161919556,447.9510191362351,4292575.962841511
0.023416931740939617,4048089.9954074994,64.15701617017109,868.6585816275328,2090564.627200365
0.2185150356963277,7180881.975932047,88.56145564621593,913.2321269065142,2694214.466959238
0.7867537094280124,3656472.860984504,29.368723468055016,283.2133360207081,4923606.298863888
0.6620635539293289,7940571.1606172845,50.83608822781778,625.5492556095123,3096024.4201123714
0.3433355297893286,1290216.603689827,17.08236367464438,196.01880125701427,1270941.8535232544
0.29465895239263773,5907260.047789663,60.15277817897964,320.8740701060742,3899362.6721203327
0.710799097083509,4900872.436733916,18.90400989937689,997.419901592657,1734220.3631997108
0.8354894109070301,9204199.581374414,97.42646965510026,160.32217021100223,2308863.0251586437
0.16983862407505512,74882.11430516094,31.617591211447493,543.3249938767403,4073621.3773489
0.09943701699376106,8190384.027983993,8.781286201696842,746.4629040658474,4704344.600439072
0.9059541989117861,2341988.92015405,74.95656302622147,76.80462993681431,2912209.626287222
0.5311404997482896,6767356.290658005,46.45799324723799,786.5248962491751,1114790.5513644218
0.4741361131891608,2792515.070362948,87.29153550925012,412.10338324308395,3252618.1675493717
0.46643670462071896,6556396.504015662,22.79698380209878,581.9364191778004,2202064.473181963
0.5388229042291641,3030729.4098390266,57.71932917627133,245.21905491128564,4431442.447006702
0.9136354876682162,8564980.346217752,35.473776936505914,896.933426503092,3603873.919695616
0.09173840004950762,1915883.7685193866,95.05426921407785,297.8522536344826,1778778.5083055496
0.14627205859869719,8800444.010854699,71.0398786329152,497.12106038816273,1381976.306438446
0.8590429397299886,432769.41990386695,11.044541803664528,825.0155327934772,3234379.7348439693
0.7343513574451208,6167213.528856635,83.3140317034088,53.661906691268086,4784732.304513454
0.271093025803566,4672593.197932467,48.75770324419624,646.0973394382745,2582722.369581461
0.35126167442649603,7565575.754693709,80.69854243648705,768.0512569285929,4212121.531367302
0.65411960426718,1715922.0716478303,40.25848226256389,424.5666538365185,2419996.540993452
0.778811352327466,7392088.277632371,67.97275514655001,701.1585271544755,1622567.929327488
0.22644086554646492,3418505.6325532496,2.972584063526243,124.3126350082457,3760404.635220766
0.046725766733288765,5281287.812194787,25.417695780659095,172.75522840209305,3391583.71463418
0.9587107487022877,4276157.882374711,90.83309213622287,524.8211421538144,1226435.236632824
0.5838984837755561,9830248.103285208,13.094929275496861,368.35186277516186,2801083.6206376553
0.42142438236624,699672.954980284,53.16859181359875,952.0853122789413,4565836.697816849
0.4073331793770194,7882908.1018883735,18.61532029703539,418.40287934988737,3717692.770063877
0.5893376851454377,1388825.1318894327,52.43904384503606,778.3239144459367,1915829.349309206
0.9640289563685656,7084520.578875206,30.93808605714701,130.47622878104448,2119502.231478691
0.03251189365983009,3716308.6269991472,90.10354342260956,690.8860429748893,4263165.395706892
0.2279746551066637,5598657.706560567,62.549268387435,534.1259996499866,4897613.223642111
0.7686255611479282,3949023.395445198,3.7990362945124505,167.55925393663347,2718758.0168247223
0.6438128193840384,9522642.857356928,75.27505642242264,942.78051010333,1300369.1770136356
0.35267279390245676,997513.4965972975,41.08493523860071,373.5477745439857,3067100.6962656975
0.2764101680368185,6863964.091025293,85.71020424091071,251.62446592003107,1696492.2659099102
0.7201380729675293,2732926.3781439513,44.90393679159693,571.9055161997676,3935610.607266426
0.8449511332437396,8247648.11077062,73.43605191546771,291.4468979462981,4106938.6787712574
0.15171234030276537,2242980.745526962,7.19077609611582,906.9642667844892,2276018.686592579
0.08143053483217955,9108049.145035446,33.1760106834555,815.9523118194193,2875947.7958083153
0.9150472106412053,134928.84103767574,99.00644195112865,502.55878939293325,4742055.956274271
0.5403561051934958,5849843.746238388,20.499216803997754,655.1603796985,3285447.657108307
0.45625197887420654,4999727.722111158,61.67150116827152,48.22435102425516,1081457.4621617794
0.4795599365606904,6224592.339110561,47.18717241574917,992.2236357722431,4405449.848622084
0.517034157179296,4573775.441101752,81.77077568766009,330.17922633327544,2226607.546210289
0.8917249478399754,8896631.938491017,9.510464625157415,548.5210863593966,1808205.3549587727
0.104740085080266,372685.1646248251,69.43580245958083,151.01719469763339,3574950.6726861
0.1596374548971653,8507753.866476007,96.59888420213758,87.07746816799045,3209850.5422472954
0.8370080608874559,2014854.37735077,37.03994474858604,740.2989562414587,1407985.6611788273
0.7121948385611176,6459751.100603491,59.32519347106758,401.83060770854354,2611660.450696945
0.28433702792972326,3090355.667853728,24.326364181566053,792.6887887530029,4755321.2605416775
0.3291071057319641,9733696.884418838,54.69098641229234,667.8641619626433,2383734.2336773872
0.6673653181642294,759393.3975407854,14.687322869017718,29.989807168021798,4249833.3640396595
0.7921788515523076,5224119.720539078,92.41635457574111,863.2207346055657,3793234.6016168594
0.20440785121172667,4375186.8792921305,26.973683407478966,457.0143581274897,1589234.3632876873
0.02481351513415575,7488487.203235738,1.3784977150214834,273.182141687721,1188707.6161801815
0.9717104835435748,3358632.3752412573,66.45515271337423,919.6378366462886,3427831.1729431152
0.5970198512077332,7623201.284876093,38.701231029910964,206.04982225224376,4599153.522402048
0.39963353238999844,1617351.034745574,79.11973837981373,619.1437265835702,2768239.7589087486
0.38806579262018204,7013953.55757419,73.69912230069563,813.4361897967756,3044139.701873064
0.6162175368517637,3507815.6112758443,8.280866440894082,384.99385399743915,1337978.4300923347
0.9915180848911405,8090332.773946226,86.03430973082502,727.3311897926033,2634303.640574217
0.012878897599875927,1460765.6421195716,45.957406222573475,96.22522449120879,4998668.983578682
0.19241661299020052,9572913.360469975,19.990482371528632,140.8006598893553,4348631.918430328
0.811921956948936,1224767.917397432,60.43340204968955,562.5953967962414,2019387.0924413204
0.6867419257760048,5372776.104204357,32.70389641973748,348.1149709317833,1937789.2836928368
0.3177257012575865,3897685.219151899,97.7073084729109,970.3999031428248,3679131.094366312
0.30414450261741877,8357884.01634898,28.28217351063993,598.320765029639,1057546.3026762009
0.700260347686708,2488701.4834182337,88.28075429024268,223.05283268913627,3325960.5579078197
0.8254402093589306,6616870.534690097,15.99602866433002,932.7716827951372,4654638.208448887
0.17883525229990482,2623758.1457458436,50.55521960798278,263.95888386294246,2978014.1599476337
0.12411658093333244,5758683.777793311,78.07897774273343,467.09490762092173,2362428.1026422977
0.8803436551243067,4734024.998088367,43.153388418208806,849.2522560898215,4003927.879035473
0.5050427922978997,9374820.212723687,65.41422406738158,12.15971746481955,3960526.641458273
0.49930316861718893,224715.3205536306,5.830869305369444,689.5519682858139,1656927.9730319977
0.44474480859935284,8949038.08595799,92.09034063869156,364.44530731998384,4856407.418847084
0.5596143379807472,599634.663656354,25.918307764519007,955.7935656514019,2527175.437659025
0.9349163202568889,5996575.092400424,54.42600683487858,184.44135575555265,1445564.2774701118
0.06955743301659822,4522742.186577059,13.595327057306653,513.4239467140287,3186919.9462234974
0.13965958636254072,6388878.561547026,39.172202013469295,712.6946398988366,3536358.3602011204
0.8646327303722501,2883998.8924711943,80.41772634271999,112.52534847706556,1830195.6877112389
0.7394541334360838,8715484.056289308,1.8860896123815325,764.2345273122191,2126522.805541754
0.2649681940674782,2084658.6472401395,67.69210557159408,428.60433746129274,4490885.7345581055
0.37254179175943136,5134485.850904137,12.130899538022465,57.492897948250175,2870275.7246792316
0.6319398293271661,4108568.495983258,71.32077221194562,642.071822648868,4511766.4113640785
0.7571182642132044,9998941.853296943,49.844227497365324,485.60112706385553,3468374.7105300426
0.24723301455378532,850095.536342822,83.5947110803891,836.8206214811653,1164766.0583257675
0.05182782746851444,7732522.127155215,56.46214623825624,885.2613247558475,1549700.7071971893
0.9525871090590954,1864597.275460139,22.29643738269247,309.26185194402933,3818120.237439871
0.5772848194465041,7242308.710199781,93.79687207401264,585.8589180186391,4146792.1659350395
0.42701488826423883,3247938.6400198564,34.97339703591074,241.52883972972631,2470174.2865145206
